id_detalle_programacion,id_labor_mes,id_turno,id_area,fecha,tipo_dia,total_horas_laboradas,observaciones,created_at,updated_at,id_empleado,estado,id_usuario_registro,origen_registro
11813,1,14,1,2026-01-01,Laborado,,,2026-01-06 19:52:01.04,2026-01-06 19:52:01.04,6,Activo,,Automatico
11814,1,5,1,2026-01-01,Laborado,,,2026-01-06 19:52:01.04,2026-01-06 19:52:01.04,12,Activo,,Automatico
11815,1,14,1,2026-01-01,Laborado,,,2026-01-06 19:52:01.04,2026-01-06 19:52:01.04,18,Activo,,Automatico
11816,1,5,1,2026-01-01,Laborado,,,2026-01-06 19:52:01.04,2026-01-06 19:52:01.04,19,Activo,,Automatico
11817,1,14,1,2026-01-01,Laborado,,,2026-01-06 19:52:01.04,2026-01-06 19:52:01.04,22,Activo,,Automatico
11818,1,5,1,2026-01-01,Laborado,,,2026-01-06 19:52:01.04,2026-01-06 19:52:01.04,29,Activo,,Automatico
11819,1,8,2,2026-01-01,Laborado,,,2026-01-06 19:52:01.04,2026-01-06 19:52:01.04,2,Activo,,Automatico
11820,1,14,2,2026-01-01,Laborado,,,2026-01-06 19:52:01.04,2026-01-06 19:52:01.04,3,Activo,,Automatico
11821,1,15,2,2026-01-01,Laborado,,,2026-01-06 19:52:01.04,2026-01-06 19:52:01.04,5,Activo,,Automatico
11822,1,7,2,2026-01-01,Laborado,,,2026-01-06 19:52:01.04,2026-01-06 19:52:01.04,11,Activo,,Automatico
11824,1,14,2,2026-01-01,Laborado,,,2026-01-06 19:52:01.04,2026-01-06 19:52:01.04,14,Activo,,Automatico
11825,1,15,2,2026-01-01,Laborado,,,2026-01-06 19:52:01.04,2026-01-06 19:52:01.04,15,Activo,,Automatico
11827,1,8,2,2026-01-01,Laborado,,,2026-01-06 19:52:01.04,2026-01-06 19:52:01.04,20,Activo,,Automatico
11829,1,15,2,2026-01-01,Laborado,,,2026-01-06 19:52:01.04,2026-01-06 19:52:01.04,25,Activo,,Automatico
11830,1,7,2,2026-01-01,Laborado,,,2026-01-06 19:52:01.04,2026-01-06 19:52:01.04,26,Activo,,Automatico
11831,1,8,2,2026-01-01,Laborado,,,2026-01-06 19:52:01.04,2026-01-06 19:52:01.04,27,Activo,,Automatico
11832,1,14,2,2026-01-01,Laborado,,,2026-01-06 19:52:01.04,2026-01-06 19:52:01.04,31,Activo,,Automatico
11833,1,15,2,2026-01-01,Laborado,,,2026-01-06 19:52:01.04,2026-01-06 19:52:01.04,39,Activo,,Automatico
11834,1,9,3,2026-01-01,Laborado,,,2026-01-06 19:52:01.04,2026-01-06 19:52:01.04,9,Activo,,Automatico
11835,1,14,3,2026-01-01,Laborado,,,2026-01-06 19:52:01.04,2026-01-06 19:52:01.04,23,Activo,,Automatico
11836,1,8,3,2026-01-01,Laborado,,,2026-01-06 19:52:01.04,2026-01-06 19:52:01.04,32,Activo,,Automatico
11837,1,9,3,2026-01-01,Laborado,,,2026-01-06 19:52:01.04,2026-01-06 19:52:01.04,37,Activo,,Automatico
11839,1,7,4,2026-01-01,Laborado,,,2026-01-06 19:52:01.04,2026-01-06 19:52:01.04,13,Activo,,Automatico
11841,1,7,4,2026-01-01,Laborado,,,2026-01-06 19:52:01.04,2026-01-06 19:52:01.04,21,Activo,,Automatico
11843,1,7,4,2026-01-01,Laborado,,,2026-01-06 19:52:01.04,2026-01-06 19:52:01.04,24,Activo,,Automatico
11845,1,7,4,2026-01-01,Laborado,,,2026-01-06 19:52:01.04,2026-01-06 19:52:01.04,30,Activo,,Automatico
11847,1,7,4,2026-01-01,Laborado,,,2026-01-06 19:52:01.04,2026-01-06 19:52:01.04,33,Activo,,Automatico
11848,1,8,4,2026-01-01,Laborado,,,2026-01-06 19:52:01.04,2026-01-06 19:52:01.04,34,Activo,,Automatico
11850,1,8,4,2026-01-01,Laborado,,,2026-01-06 19:52:01.04,2026-01-06 19:52:01.04,38,Activo,,Automatico
11854,1,8,5,2026-01-01,Laborado,,,2026-01-06 19:52:01.04,2026-01-06 19:52:01.04,17,Activo,,Automatico
11860,1,15,6,2026-01-01,Laborado,,,2026-01-06 19:52:01.04,2026-01-06 19:52:01.04,8,Activo,,Automatico
11862,1,14,6,2026-01-01,Laborado,,,2026-01-06 19:52:01.04,2026-01-06 19:52:01.04,10,Activo,,Automatico
11867,1,8,6,2026-01-01,Laborado,,,2026-01-06 19:52:01.04,2026-01-06 19:52:01.04,16,Activo,,Automatico
11875,1,15,7,2026-01-01,Laborado,,,2026-01-06 19:52:01.04,2026-01-06 19:52:01.04,7,Activo,,Automatico
11880,1,14,7,2026-01-01,Laborado,,,2026-01-06 19:52:01.04,2026-01-06 19:52:01.04,28,Activo,,Automatico
11890,1,8,9,2026-01-01,Laborado,,,2026-01-06 19:52:01.04,2026-01-06 19:52:01.04,4,Activo,,Automatico
11906,1,14,9,2026-01-01,Laborado,,,2026-01-06 19:52:01.04,2026-01-06 19:52:01.04,36,Activo,,Automatico
11944,1,5,1,2026-01-02,Laborado,,,2026-01-06 19:52:01.04,2026-01-06 19:52:01.04,6,Activo,,Automatico
11945,1,14,1,2026-01-02,Laborado,,,2026-01-06 19:52:01.04,2026-01-06 19:52:01.04,12,Activo,,Automatico
11946,1,5,1,2026-01-02,Laborado,,,2026-01-06 19:52:01.04,2026-01-06 19:52:01.04,18,Activo,,Automatico
11947,1,14,1,2026-01-02,Laborado,,,2026-01-06 19:52:01.04,2026-01-06 19:52:01.04,19,Activo,,Automatico
11948,1,5,1,2026-01-02,Laborado,,,2026-01-06 19:52:01.04,2026-01-06 19:52:01.04,22,Activo,,Automatico
11949,1,14,1,2026-01-02,Laborado,,,2026-01-06 19:52:01.04,2026-01-06 19:52:01.04,29,Activo,,Automatico
11950,1,14,2,2026-01-02,Laborado,,,2026-01-06 19:52:01.04,2026-01-06 19:52:01.04,2,Activo,,Automatico
11951,1,15,2,2026-01-02,Laborado,,,2026-01-06 19:52:01.04,2026-01-06 19:52:01.04,3,Activo,,Automatico
11952,1,7,2,2026-01-02,Laborado,,,2026-01-06 19:52:01.04,2026-01-06 19:52:01.04,5,Activo,,Automatico
11953,1,8,2,2026-01-02,Laborado,,,2026-01-06 19:52:01.04,2026-01-06 19:52:01.04,11,Activo,,Automatico
11955,1,15,2,2026-01-02,Laborado,,,2026-01-06 19:52:01.04,2026-01-06 19:52:01.04,14,Activo,,Automatico
11956,1,7,2,2026-01-02,Laborado,,,2026-01-06 19:52:01.04,2026-01-06 19:52:01.04,15,Activo,,Automatico
11958,1,14,2,2026-01-02,Laborado,,,2026-01-06 19:52:01.04,2026-01-06 19:52:01.04,20,Activo,,Automatico
11960,1,7,2,2026-01-02,Laborado,,,2026-01-06 19:52:01.04,2026-01-06 19:52:01.04,25,Activo,,Automatico
11961,1,8,2,2026-01-02,Laborado,,,2026-01-06 19:52:01.04,2026-01-06 19:52:01.04,26,Activo,,Automatico
11962,1,14,2,2026-01-02,Laborado,,,2026-01-06 19:52:01.04,2026-01-06 19:52:01.04,27,Activo,,Automatico
11963,1,15,2,2026-01-02,Laborado,,,2026-01-06 19:52:01.04,2026-01-06 19:52:01.04,31,Activo,,Automatico
11964,1,7,2,2026-01-02,Laborado,,,2026-01-06 19:52:01.04,2026-01-06 19:52:01.04,39,Activo,,Automatico
11965,1,14,3,2026-01-02,Laborado,,,2026-01-06 19:52:01.04,2026-01-06 19:52:01.04,9,Activo,,Automatico
11966,1,8,3,2026-01-02,Laborado,,,2026-01-06 19:52:01.04,2026-01-06 19:52:01.04,23,Activo,,Automatico
11967,1,9,3,2026-01-02,Laborado,,,2026-01-06 19:52:01.04,2026-01-06 19:52:01.04,32,Activo,,Automatico
11968,1,14,3,2026-01-02,Laborado,,,2026-01-06 19:52:01.04,2026-01-06 19:52:01.04,37,Activo,,Automatico
11970,1,8,4,2026-01-02,Laborado,,,2026-01-06 19:52:01.04,2026-01-06 19:52:01.04,13,Activo,,Automatico
11972,1,8,4,2026-01-02,Laborado,,,2026-01-06 19:52:01.04,2026-01-06 19:52:01.04,21,Activo,,Automatico
11974,1,8,4,2026-01-02,Laborado,,,2026-01-06 19:52:01.04,2026-01-06 19:52:01.04,24,Activo,,Automatico
11976,1,8,4,2026-01-02,Laborado,,,2026-01-06 19:52:01.04,2026-01-06 19:52:01.04,30,Activo,,Automatico
11978,1,8,4,2026-01-02,Laborado,,,2026-01-06 19:52:01.04,2026-01-06 19:52:01.04,33,Activo,,Automatico
11979,1,7,4,2026-01-02,Laborado,,,2026-01-06 19:52:01.04,2026-01-06 19:52:01.04,34,Activo,,Automatico
11981,1,7,4,2026-01-02,Laborado,,,2026-01-06 19:52:01.04,2026-01-06 19:52:01.04,38,Activo,,Automatico
11985,1,14,5,2026-01-02,Laborado,,,2026-01-06 19:52:01.04,2026-01-06 19:52:01.04,17,Activo,,Automatico
11991,1,8,6,2026-01-02,Laborado,,,2026-01-06 19:52:01.04,2026-01-06 19:52:01.04,8,Activo,,Automatico
11993,1,15,6,2026-01-02,Laborado,,,2026-01-06 19:52:01.04,2026-01-06 19:52:01.04,10,Activo,,Automatico
11998,1,14,6,2026-01-02,Laborado,,,2026-01-06 19:52:01.04,2026-01-06 19:52:01.04,16,Activo,,Automatico
12006,1,8,7,2026-01-02,Laborado,,,2026-01-06 19:52:01.04,2026-01-06 19:52:01.04,7,Activo,,Automatico
12011,1,15,7,2026-01-02,Laborado,,,2026-01-06 19:52:01.04,2026-01-06 19:52:01.04,28,Activo,,Automatico
12021,1,14,9,2026-01-02,Laborado,,,2026-01-06 19:52:01.04,2026-01-06 19:52:01.04,4,Activo,,Automatico
12037,1,15,9,2026-01-02,Laborado,,,2026-01-06 19:52:01.04,2026-01-06 19:52:01.04,36,Activo,,Automatico
12075,1,14,1,2026-01-03,Laborado,,,2026-01-06 19:52:01.04,2026-01-06 19:52:01.04,6,Activo,,Automatico
12076,1,5,1,2026-01-03,Laborado,,,2026-01-06 19:52:01.04,2026-01-06 19:52:01.04,12,Activo,,Automatico
12077,1,14,1,2026-01-03,Laborado,,,2026-01-06 19:52:01.04,2026-01-06 19:52:01.04,18,Activo,,Automatico
12078,1,5,1,2026-01-03,Laborado,,,2026-01-06 19:52:01.04,2026-01-06 19:52:01.04,19,Activo,,Automatico
12079,1,14,1,2026-01-03,Laborado,,,2026-01-06 19:52:01.04,2026-01-06 19:52:01.04,22,Activo,,Automatico
12080,1,5,1,2026-01-03,Laborado,,,2026-01-06 19:52:01.04,2026-01-06 19:52:01.04,29,Activo,,Automatico
12081,1,15,2,2026-01-03,Laborado,,,2026-01-06 19:52:01.04,2026-01-06 19:52:01.04,2,Activo,,Automatico
12082,1,7,2,2026-01-03,Laborado,,,2026-01-06 19:52:01.04,2026-01-06 19:52:01.04,3,Activo,,Automatico
12083,1,8,2,2026-01-03,Laborado,,,2026-01-06 19:52:01.04,2026-01-06 19:52:01.04,5,Activo,,Automatico
12084,1,14,2,2026-01-03,Laborado,,,2026-01-06 19:52:01.04,2026-01-06 19:52:01.04,11,Activo,,Automatico
12086,1,7,2,2026-01-03,Laborado,,,2026-01-06 19:52:01.04,2026-01-06 19:52:01.04,14,Activo,,Automatico
12087,1,8,2,2026-01-03,Laborado,,,2026-01-06 19:52:01.04,2026-01-06 19:52:01.04,15,Activo,,Automatico
12089,1,15,2,2026-01-03,Laborado,,,2026-01-06 19:52:01.04,2026-01-06 19:52:01.04,20,Activo,,Automatico
12091,1,8,2,2026-01-03,Laborado,,,2026-01-06 19:52:01.04,2026-01-06 19:52:01.04,25,Activo,,Automatico
12092,1,14,2,2026-01-03,Laborado,,,2026-01-06 19:52:01.04,2026-01-06 19:52:01.04,26,Activo,,Automatico
12093,1,15,2,2026-01-03,Laborado,,,2026-01-06 19:52:01.04,2026-01-06 19:52:01.04,27,Activo,,Automatico
12094,1,7,2,2026-01-03,Laborado,,,2026-01-06 19:52:01.04,2026-01-06 19:52:01.04,31,Activo,,Automatico
12095,1,8,2,2026-01-03,Laborado,,,2026-01-06 19:52:01.04,2026-01-06 19:52:01.04,39,Activo,,Automatico
12096,1,8,3,2026-01-03,Laborado,,,2026-01-06 19:52:01.04,2026-01-06 19:52:01.04,9,Activo,,Automatico
12097,1,9,3,2026-01-03,Laborado,,,2026-01-06 19:52:01.04,2026-01-06 19:52:01.04,23,Activo,,Automatico
12098,1,14,3,2026-01-03,Laborado,,,2026-01-06 19:52:01.04,2026-01-06 19:52:01.04,32,Activo,,Automatico
12099,1,8,3,2026-01-03,Laborado,,,2026-01-06 19:52:01.04,2026-01-06 19:52:01.04,37,Activo,,Automatico
12101,1,7,4,2026-01-03,Laborado,,,2026-01-06 19:52:01.04,2026-01-06 19:52:01.04,13,Activo,,Automatico
12103,1,7,4,2026-01-03,Laborado,,,2026-01-06 19:52:01.04,2026-01-06 19:52:01.04,21,Activo,,Automatico
12105,1,7,4,2026-01-03,Laborado,,,2026-01-06 19:52:01.04,2026-01-06 19:52:01.04,24,Activo,,Automatico
12107,1,7,4,2026-01-03,Laborado,,,2026-01-06 19:52:01.04,2026-01-06 19:52:01.04,30,Activo,,Automatico
12109,1,7,4,2026-01-03,Laborado,,,2026-01-06 19:52:01.04,2026-01-06 19:52:01.04,33,Activo,,Automatico
12110,1,8,4,2026-01-03,Laborado,,,2026-01-06 19:52:01.04,2026-01-06 19:52:01.04,34,Activo,,Automatico
12112,1,8,4,2026-01-03,Laborado,,,2026-01-06 19:52:01.04,2026-01-06 19:52:01.04,38,Activo,,Automatico
12116,1,5,5,2026-01-03,Laborado,,,2026-01-06 19:52:01.04,2026-01-06 19:52:01.04,17,Activo,,Automatico
12122,1,14,6,2026-01-03,Laborado,,,2026-01-06 19:52:01.04,2026-01-06 19:52:01.04,8,Activo,,Automatico
12124,1,8,6,2026-01-03,Laborado,,,2026-01-06 19:52:01.04,2026-01-06 19:52:01.04,10,Activo,,Automatico
12129,1,15,6,2026-01-03,Laborado,,,2026-01-06 19:52:01.04,2026-01-06 19:52:01.04,16,Activo,,Automatico
12137,1,14,7,2026-01-03,Laborado,,,2026-01-06 19:52:01.04,2026-01-06 19:52:01.04,7,Activo,,Automatico
12142,1,8,7,2026-01-03,Laborado,,,2026-01-06 19:52:01.04,2026-01-06 19:52:01.04,28,Activo,,Automatico
12152,1,15,9,2026-01-03,Laborado,,,2026-01-06 19:52:01.04,2026-01-06 19:52:01.04,4,Activo,,Automatico
12168,1,8,9,2026-01-03,Laborado,,,2026-01-06 19:52:01.04,2026-01-06 19:52:01.04,36,Activo,,Automatico
12206,1,5,1,2026-01-04,Laborado,,,2026-01-06 19:52:01.04,2026-01-06 19:52:01.04,6,Activo,,Automatico
12207,1,14,1,2026-01-04,Laborado,,,2026-01-06 19:52:01.04,2026-01-06 19:52:01.04,12,Activo,,Automatico
12208,1,5,1,2026-01-04,Laborado,,,2026-01-06 19:52:01.04,2026-01-06 19:52:01.04,18,Activo,,Automatico
12209,1,14,1,2026-01-04,Laborado,,,2026-01-06 19:52:01.04,2026-01-06 19:52:01.04,19,Activo,,Automatico
12210,1,5,1,2026-01-04,Laborado,,,2026-01-06 19:52:01.04,2026-01-06 19:52:01.04,22,Activo,,Automatico
12211,1,14,1,2026-01-04,Laborado,,,2026-01-06 19:52:01.04,2026-01-06 19:52:01.04,29,Activo,,Automatico
12212,1,7,2,2026-01-04,Laborado,,,2026-01-06 19:52:01.04,2026-01-06 19:52:01.04,2,Activo,,Automatico
12213,1,8,2,2026-01-04,Laborado,,,2026-01-06 19:52:01.04,2026-01-06 19:52:01.04,3,Activo,,Automatico
12214,1,14,2,2026-01-04,Laborado,,,2026-01-06 19:52:01.04,2026-01-06 19:52:01.04,5,Activo,,Automatico
12215,1,15,2,2026-01-04,Laborado,,,2026-01-06 19:52:01.04,2026-01-06 19:52:01.04,11,Activo,,Automatico
12217,1,8,2,2026-01-04,Laborado,,,2026-01-06 19:52:01.04,2026-01-06 19:52:01.04,14,Activo,,Automatico
12218,1,14,2,2026-01-04,Laborado,,,2026-01-06 19:52:01.04,2026-01-06 19:52:01.04,15,Activo,,Automatico
12220,1,7,2,2026-01-04,Laborado,,,2026-01-06 19:52:01.04,2026-01-06 19:52:01.04,20,Activo,,Automatico
12222,1,14,2,2026-01-04,Laborado,,,2026-01-06 19:52:01.04,2026-01-06 19:52:01.04,25,Activo,,Automatico
12223,1,15,2,2026-01-04,Laborado,,,2026-01-06 19:52:01.04,2026-01-06 19:52:01.04,26,Activo,,Automatico
12224,1,7,2,2026-01-04,Laborado,,,2026-01-06 19:52:01.04,2026-01-06 19:52:01.04,27,Activo,,Automatico
12225,1,8,2,2026-01-04,Laborado,,,2026-01-06 19:52:01.04,2026-01-06 19:52:01.04,31,Activo,,Automatico
12226,1,14,2,2026-01-04,Laborado,,,2026-01-06 19:52:01.04,2026-01-06 19:52:01.04,39,Activo,,Automatico
12227,1,9,3,2026-01-04,Laborado,,,2026-01-06 19:52:01.04,2026-01-06 19:52:01.04,9,Activo,,Automatico
12228,1,14,3,2026-01-04,Laborado,,,2026-01-06 19:52:01.04,2026-01-06 19:52:01.04,23,Activo,,Automatico
12229,1,8,3,2026-01-04,Laborado,,,2026-01-06 19:52:01.04,2026-01-06 19:52:01.04,32,Activo,,Automatico
12230,1,9,3,2026-01-04,Laborado,,,2026-01-06 19:52:01.04,2026-01-06 19:52:01.04,37,Activo,,Automatico
12232,1,8,4,2026-01-04,Laborado,,,2026-01-06 19:52:01.04,2026-01-06 19:52:01.04,13,Activo,,Automatico
12234,1,8,4,2026-01-04,Laborado,,,2026-01-06 19:52:01.04,2026-01-06 19:52:01.04,21,Activo,,Automatico
12236,1,8,4,2026-01-04,Laborado,,,2026-01-06 19:52:01.04,2026-01-06 19:52:01.04,24,Activo,,Automatico
12238,1,8,4,2026-01-04,Laborado,,,2026-01-06 19:52:01.04,2026-01-06 19:52:01.04,30,Activo,,Automatico
12240,1,8,4,2026-01-04,Laborado,,,2026-01-06 19:52:01.04,2026-01-06 19:52:01.04,33,Activo,,Automatico
12241,1,7,4,2026-01-04,Laborado,,,2026-01-06 19:52:01.04,2026-01-06 19:52:01.04,34,Activo,,Automatico
12243,1,7,4,2026-01-04,Laborado,,,2026-01-06 19:52:01.04,2026-01-06 19:52:01.04,38,Activo,,Automatico
12247,1,8,5,2026-01-04,Laborado,,,2026-01-06 19:52:01.04,2026-01-06 19:52:01.04,17,Activo,,Automatico
12253,1,15,6,2026-01-04,Laborado,,,2026-01-06 19:52:01.04,2026-01-06 19:52:01.04,8,Activo,,Automatico
12255,1,14,6,2026-01-04,Laborado,,,2026-01-06 19:52:01.04,2026-01-06 19:52:01.04,10,Activo,,Automatico
12260,1,8,6,2026-01-04,Laborado,,,2026-01-06 19:52:01.04,2026-01-06 19:52:01.04,16,Activo,,Automatico
12268,1,15,7,2026-01-04,Laborado,,,2026-01-06 19:52:01.04,2026-01-06 19:52:01.04,7,Activo,,Automatico
12273,1,14,7,2026-01-04,Laborado,,,2026-01-06 19:52:01.04,2026-01-06 19:52:01.04,28,Activo,,Automatico
12283,1,8,9,2026-01-04,Laborado,,,2026-01-06 19:52:01.04,2026-01-06 19:52:01.04,4,Activo,,Automatico
12299,1,14,9,2026-01-04,Laborado,,,2026-01-06 19:52:01.04,2026-01-06 19:52:01.04,36,Activo,,Automatico
12337,1,14,1,2026-01-05,Laborado,,,2026-01-06 19:52:01.04,2026-01-06 19:52:01.04,6,Activo,,Automatico
12338,1,5,1,2026-01-05,Laborado,,,2026-01-06 19:52:01.04,2026-01-06 19:52:01.04,12,Activo,,Automatico
12339,1,14,1,2026-01-05,Laborado,,,2026-01-06 19:52:01.04,2026-01-06 19:52:01.04,18,Activo,,Automatico
12340,1,5,1,2026-01-05,Laborado,,,2026-01-06 19:52:01.04,2026-01-06 19:52:01.04,19,Activo,,Automatico
12341,1,14,1,2026-01-05,Laborado,,,2026-01-06 19:52:01.04,2026-01-06 19:52:01.04,22,Activo,,Automatico
12342,1,5,1,2026-01-05,Laborado,,,2026-01-06 19:52:01.04,2026-01-06 19:52:01.04,29,Activo,,Automatico
12343,1,8,2,2026-01-05,Laborado,,,2026-01-06 19:52:01.04,2026-01-06 19:52:01.04,2,Activo,,Automatico
12344,1,14,2,2026-01-05,Laborado,,,2026-01-06 19:52:01.04,2026-01-06 19:52:01.04,3,Activo,,Automatico
12345,1,15,2,2026-01-05,Laborado,,,2026-01-06 19:52:01.04,2026-01-06 19:52:01.04,5,Activo,,Automatico
12346,1,7,2,2026-01-05,Laborado,,,2026-01-06 19:52:01.04,2026-01-06 19:52:01.04,11,Activo,,Automatico
12348,1,14,2,2026-01-05,Laborado,,,2026-01-06 19:52:01.04,2026-01-06 19:52:01.04,14,Activo,,Automatico
12349,1,15,2,2026-01-05,Laborado,,,2026-01-06 19:52:01.04,2026-01-06 19:52:01.04,15,Activo,,Automatico
12351,1,8,2,2026-01-05,Laborado,,,2026-01-06 19:52:01.04,2026-01-06 19:52:01.04,20,Activo,,Automatico
12353,1,15,2,2026-01-05,Laborado,,,2026-01-06 19:52:01.04,2026-01-06 19:52:01.04,25,Activo,,Automatico
12354,1,7,2,2026-01-05,Laborado,,,2026-01-06 19:52:01.04,2026-01-06 19:52:01.04,26,Activo,,Automatico
12355,1,8,2,2026-01-05,Laborado,,,2026-01-06 19:52:01.04,2026-01-06 19:52:01.04,27,Activo,,Automatico
12356,1,14,2,2026-01-05,Laborado,,,2026-01-06 19:52:01.04,2026-01-06 19:52:01.04,31,Activo,,Automatico
12357,1,15,2,2026-01-05,Laborado,,,2026-01-06 19:52:01.04,2026-01-06 19:52:01.04,39,Activo,,Automatico
12358,1,14,3,2026-01-05,Laborado,,,2026-01-06 19:52:01.04,2026-01-06 19:52:01.04,9,Activo,,Automatico
12359,1,8,3,2026-01-05,Laborado,,,2026-01-06 19:52:01.04,2026-01-06 19:52:01.04,23,Activo,,Automatico
12360,1,9,3,2026-01-05,Laborado,,,2026-01-06 19:52:01.04,2026-01-06 19:52:01.04,32,Activo,,Automatico
12361,1,14,3,2026-01-05,Laborado,,,2026-01-06 19:52:01.04,2026-01-06 19:52:01.04,37,Activo,,Automatico
12363,1,7,4,2026-01-05,Laborado,,,2026-01-06 19:52:01.04,2026-01-06 19:52:01.04,13,Activo,,Automatico
12365,1,7,4,2026-01-05,Laborado,,,2026-01-06 19:52:01.04,2026-01-06 19:52:01.04,21,Activo,,Automatico
12367,1,7,4,2026-01-05,Laborado,,,2026-01-06 19:52:01.04,2026-01-06 19:52:01.04,24,Activo,,Automatico
12369,1,7,4,2026-01-05,Laborado,,,2026-01-06 19:52:01.04,2026-01-06 19:52:01.04,30,Activo,,Automatico
12371,1,7,4,2026-01-05,Laborado,,,2026-01-06 19:52:01.04,2026-01-06 19:52:01.04,33,Activo,,Automatico
12372,1,8,4,2026-01-05,Laborado,,,2026-01-06 19:52:01.04,2026-01-06 19:52:01.04,34,Activo,,Automatico
12374,1,8,4,2026-01-05,Laborado,,,2026-01-06 19:52:01.04,2026-01-06 19:52:01.04,38,Activo,,Automatico
12378,1,14,5,2026-01-05,Laborado,,,2026-01-06 19:52:01.04,2026-01-06 19:52:01.04,17,Activo,,Automatico
12384,1,8,6,2026-01-05,Laborado,,,2026-01-06 19:52:01.04,2026-01-06 19:52:01.04,8,Activo,,Automatico
12386,1,15,6,2026-01-05,Laborado,,,2026-01-06 19:52:01.04,2026-01-06 19:52:01.04,10,Activo,,Automatico
12391,1,14,6,2026-01-05,Laborado,,,2026-01-06 19:52:01.04,2026-01-06 19:52:01.04,16,Activo,,Automatico
12399,1,8,7,2026-01-05,Laborado,,,2026-01-06 19:52:01.04,2026-01-06 19:52:01.04,7,Activo,,Automatico
12404,1,15,7,2026-01-05,Laborado,,,2026-01-06 19:52:01.04,2026-01-06 19:52:01.04,28,Activo,,Automatico
12414,1,14,9,2026-01-05,Laborado,,,2026-01-06 19:52:01.04,2026-01-06 19:52:01.04,4,Activo,,Automatico
12430,1,15,9,2026-01-05,Laborado,,,2026-01-06 19:52:01.04,2026-01-06 19:52:01.04,36,Activo,,Automatico
12468,1,5,1,2026-01-06,Laborado,,,2026-01-06 19:52:01.04,2026-01-06 19:52:01.04,6,Activo,,Automatico
12469,1,14,1,2026-01-06,Laborado,,,2026-01-06 19:52:01.04,2026-01-06 19:52:01.04,12,Activo,,Automatico
12470,1,5,1,2026-01-06,Laborado,,,2026-01-06 19:52:01.04,2026-01-06 19:52:01.04,18,Activo,,Automatico
12471,1,14,1,2026-01-06,Laborado,,,2026-01-06 19:52:01.04,2026-01-06 19:52:01.04,19,Activo,,Automatico
12472,1,5,1,2026-01-06,Laborado,,,2026-01-06 19:52:01.04,2026-01-06 19:52:01.04,22,Activo,,Automatico
12473,1,14,1,2026-01-06,Laborado,,,2026-01-06 19:52:01.04,2026-01-06 19:52:01.04,29,Activo,,Automatico
12474,1,14,2,2026-01-06,Laborado,,,2026-01-06 19:52:01.04,2026-01-06 19:52:01.04,2,Activo,,Automatico
12475,1,15,2,2026-01-06,Laborado,,,2026-01-06 19:52:01.04,2026-01-06 19:52:01.04,3,Activo,,Automatico
12476,1,7,2,2026-01-06,Laborado,,,2026-01-06 19:52:01.04,2026-01-06 19:52:01.04,5,Activo,,Automatico
12477,1,8,2,2026-01-06,Laborado,,,2026-01-06 19:52:01.04,2026-01-06 19:52:01.04,11,Activo,,Automatico
12479,1,15,2,2026-01-06,Laborado,,,2026-01-06 19:52:01.04,2026-01-06 19:52:01.04,14,Activo,,Automatico
12480,1,7,2,2026-01-06,Laborado,,,2026-01-06 19:52:01.04,2026-01-06 19:52:01.04,15,Activo,,Automatico
12482,1,14,2,2026-01-06,Laborado,,,2026-01-06 19:52:01.04,2026-01-06 19:52:01.04,20,Activo,,Automatico
12484,1,7,2,2026-01-06,Laborado,,,2026-01-06 19:52:01.04,2026-01-06 19:52:01.04,25,Activo,,Automatico
12485,1,8,2,2026-01-06,Laborado,,,2026-01-06 19:52:01.04,2026-01-06 19:52:01.04,26,Activo,,Automatico
12486,1,14,2,2026-01-06,Laborado,,,2026-01-06 19:52:01.04,2026-01-06 19:52:01.04,27,Activo,,Automatico
12487,1,15,2,2026-01-06,Laborado,,,2026-01-06 19:52:01.04,2026-01-06 19:52:01.04,31,Activo,,Automatico
12488,1,7,2,2026-01-06,Laborado,,,2026-01-06 19:52:01.04,2026-01-06 19:52:01.04,39,Activo,,Automatico
12489,1,8,3,2026-01-06,Laborado,,,2026-01-06 19:52:01.04,2026-01-06 19:52:01.04,9,Activo,,Automatico
12490,1,9,3,2026-01-06,Laborado,,,2026-01-06 19:52:01.04,2026-01-06 19:52:01.04,23,Activo,,Automatico
12491,1,14,3,2026-01-06,Laborado,,,2026-01-06 19:52:01.04,2026-01-06 19:52:01.04,32,Activo,,Automatico
12492,1,8,3,2026-01-06,Laborado,,,2026-01-06 19:52:01.04,2026-01-06 19:52:01.04,37,Activo,,Automatico
12494,1,8,4,2026-01-06,Laborado,,,2026-01-06 19:52:01.04,2026-01-06 19:52:01.04,13,Activo,,Automatico
12496,1,8,4,2026-01-06,Laborado,,,2026-01-06 19:52:01.04,2026-01-06 19:52:01.04,21,Activo,,Automatico
12498,1,8,4,2026-01-06,Laborado,,,2026-01-06 19:52:01.04,2026-01-06 19:52:01.04,24,Activo,,Automatico
12500,1,8,4,2026-01-06,Laborado,,,2026-01-06 19:52:01.04,2026-01-06 19:52:01.04,30,Activo,,Automatico
12502,1,8,4,2026-01-06,Laborado,,,2026-01-06 19:52:01.04,2026-01-06 19:52:01.04,33,Activo,,Automatico
12503,1,7,4,2026-01-06,Laborado,,,2026-01-06 19:52:01.04,2026-01-06 19:52:01.04,34,Activo,,Automatico
12505,1,7,4,2026-01-06,Laborado,,,2026-01-06 19:52:01.04,2026-01-06 19:52:01.04,38,Activo,,Automatico
12509,1,5,5,2026-01-06,Laborado,,,2026-01-06 19:52:01.04,2026-01-06 19:52:01.04,17,Activo,,Automatico
12515,1,14,6,2026-01-06,Laborado,,,2026-01-06 19:52:01.04,2026-01-06 19:52:01.04,8,Activo,,Automatico
12517,1,8,6,2026-01-06,Laborado,,,2026-01-06 19:52:01.04,2026-01-06 19:52:01.04,10,Activo,,Automatico
12522,1,15,6,2026-01-06,Laborado,,,2026-01-06 19:52:01.04,2026-01-06 19:52:01.04,16,Activo,,Automatico
12530,1,14,7,2026-01-06,Laborado,,,2026-01-06 19:52:01.04,2026-01-06 19:52:01.04,7,Activo,,Automatico
12535,1,8,7,2026-01-06,Laborado,,,2026-01-06 19:52:01.04,2026-01-06 19:52:01.04,28,Activo,,Automatico
12545,1,15,9,2026-01-06,Laborado,,,2026-01-06 19:52:01.04,2026-01-06 19:52:01.04,4,Activo,,Automatico
12561,1,8,9,2026-01-06,Laborado,,,2026-01-06 19:52:01.04,2026-01-06 19:52:01.04,36,Activo,,Automatico
12599,1,14,1,2026-01-07,Laborado,,,2026-01-06 19:52:01.04,2026-01-06 19:52:01.04,6,Activo,,Automatico
12600,1,5,1,2026-01-07,Laborado,,,2026-01-06 19:52:01.04,2026-01-06 19:52:01.04,12,Activo,,Automatico
12601,1,14,1,2026-01-07,Laborado,,,2026-01-06 19:52:01.04,2026-01-06 19:52:01.04,18,Activo,,Automatico
12602,1,5,1,2026-01-07,Laborado,,,2026-01-06 19:52:01.04,2026-01-06 19:52:01.04,19,Activo,,Automatico
12603,1,14,1,2026-01-07,Laborado,,,2026-01-06 19:52:01.04,2026-01-06 19:52:01.04,22,Activo,,Automatico
12604,1,5,1,2026-01-07,Laborado,,,2026-01-06 19:52:01.04,2026-01-06 19:52:01.04,29,Activo,,Automatico
12605,1,15,2,2026-01-07,Laborado,,,2026-01-06 19:52:01.04,2026-01-06 19:52:01.04,2,Activo,,Automatico
12606,1,7,2,2026-01-07,Laborado,,,2026-01-06 19:52:01.04,2026-01-06 19:52:01.04,3,Activo,,Automatico
12607,1,8,2,2026-01-07,Laborado,,,2026-01-06 19:52:01.04,2026-01-06 19:52:01.04,5,Activo,,Automatico
12608,1,14,2,2026-01-07,Laborado,,,2026-01-06 19:52:01.04,2026-01-06 19:52:01.04,11,Activo,,Automatico
12610,1,7,2,2026-01-07,Laborado,,,2026-01-06 19:52:01.04,2026-01-06 19:52:01.04,14,Activo,,Automatico
12611,1,8,2,2026-01-07,Laborado,,,2026-01-06 19:52:01.04,2026-01-06 19:52:01.04,15,Activo,,Automatico
12613,1,15,2,2026-01-07,Laborado,,,2026-01-06 19:52:01.04,2026-01-06 19:52:01.04,20,Activo,,Automatico
12615,1,8,2,2026-01-07,Laborado,,,2026-01-06 19:52:01.04,2026-01-06 19:52:01.04,25,Activo,,Automatico
12616,1,14,2,2026-01-07,Laborado,,,2026-01-06 19:52:01.04,2026-01-06 19:52:01.04,26,Activo,,Automatico
12617,1,15,2,2026-01-07,Laborado,,,2026-01-06 19:52:01.04,2026-01-06 19:52:01.04,27,Activo,,Automatico
12618,1,7,2,2026-01-07,Laborado,,,2026-01-06 19:52:01.04,2026-01-06 19:52:01.04,31,Activo,,Automatico
12619,1,8,2,2026-01-07,Laborado,,,2026-01-06 19:52:01.04,2026-01-06 19:52:01.04,39,Activo,,Automatico
12620,1,9,3,2026-01-07,Laborado,,,2026-01-06 19:52:01.04,2026-01-06 19:52:01.04,9,Activo,,Automatico
12621,1,14,3,2026-01-07,Laborado,,,2026-01-06 19:52:01.04,2026-01-06 19:52:01.04,23,Activo,,Automatico
12622,1,8,3,2026-01-07,Laborado,,,2026-01-06 19:52:01.04,2026-01-06 19:52:01.04,32,Activo,,Automatico
12623,1,9,3,2026-01-07,Laborado,,,2026-01-06 19:52:01.04,2026-01-06 19:52:01.04,37,Activo,,Automatico
12625,1,7,4,2026-01-07,Laborado,,,2026-01-06 19:52:01.04,2026-01-06 19:52:01.04,13,Activo,,Automatico
12627,1,7,4,2026-01-07,Laborado,,,2026-01-06 19:52:01.04,2026-01-06 19:52:01.04,21,Activo,,Automatico
12629,1,7,4,2026-01-07,Laborado,,,2026-01-06 19:52:01.04,2026-01-06 19:52:01.04,24,Activo,,Automatico
12631,1,7,4,2026-01-07,Laborado,,,2026-01-06 19:52:01.04,2026-01-06 19:52:01.04,30,Activo,,Automatico
12633,1,7,4,2026-01-07,Laborado,,,2026-01-06 19:52:01.04,2026-01-06 19:52:01.04,33,Activo,,Automatico
12634,1,8,4,2026-01-07,Laborado,,,2026-01-06 19:52:01.04,2026-01-06 19:52:01.04,34,Activo,,Automatico
12636,1,8,4,2026-01-07,Laborado,,,2026-01-06 19:52:01.04,2026-01-06 19:52:01.04,38,Activo,,Automatico
12640,1,8,5,2026-01-07,Laborado,,,2026-01-06 19:52:01.04,2026-01-06 19:52:01.04,17,Activo,,Automatico
12646,1,15,6,2026-01-07,Laborado,,,2026-01-06 19:52:01.04,2026-01-06 19:52:01.04,8,Activo,,Automatico
12648,1,14,6,2026-01-07,Laborado,,,2026-01-06 19:52:01.04,2026-01-06 19:52:01.04,10,Activo,,Automatico
12653,1,8,6,2026-01-07,Laborado,,,2026-01-06 19:52:01.04,2026-01-06 19:52:01.04,16,Activo,,Automatico
12661,1,15,7,2026-01-07,Laborado,,,2026-01-06 19:52:01.04,2026-01-06 19:52:01.04,7,Activo,,Automatico
12666,1,14,7,2026-01-07,Laborado,,,2026-01-06 19:52:01.04,2026-01-06 19:52:01.04,28,Activo,,Automatico
12676,1,8,9,2026-01-07,Laborado,,,2026-01-06 19:52:01.04,2026-01-06 19:52:01.04,4,Activo,,Automatico
12692,1,14,9,2026-01-07,Laborado,,,2026-01-06 19:52:01.04,2026-01-06 19:52:01.04,36,Activo,,Automatico
12730,1,5,1,2026-01-08,Laborado,,,2026-01-06 19:52:01.04,2026-01-06 19:52:01.04,6,Activo,,Automatico
12731,1,14,1,2026-01-08,Laborado,,,2026-01-06 19:52:01.04,2026-01-06 19:52:01.04,12,Activo,,Automatico
12732,1,5,1,2026-01-08,Laborado,,,2026-01-06 19:52:01.04,2026-01-06 19:52:01.04,18,Activo,,Automatico
12733,1,14,1,2026-01-08,Laborado,,,2026-01-06 19:52:01.04,2026-01-06 19:52:01.04,19,Activo,,Automatico
12734,1,5,1,2026-01-08,Laborado,,,2026-01-06 19:52:01.04,2026-01-06 19:52:01.04,22,Activo,,Automatico
12735,1,14,1,2026-01-08,Laborado,,,2026-01-06 19:52:01.04,2026-01-06 19:52:01.04,29,Activo,,Automatico
12736,1,7,2,2026-01-08,Laborado,,,2026-01-06 19:52:01.04,2026-01-06 19:52:01.04,2,Activo,,Automatico
12737,1,8,2,2026-01-08,Laborado,,,2026-01-06 19:52:01.04,2026-01-06 19:52:01.04,3,Activo,,Automatico
12738,1,14,2,2026-01-08,Laborado,,,2026-01-06 19:52:01.04,2026-01-06 19:52:01.04,5,Activo,,Automatico
12739,1,15,2,2026-01-08,Laborado,,,2026-01-06 19:52:01.04,2026-01-06 19:52:01.04,11,Activo,,Automatico
12741,1,8,2,2026-01-08,Laborado,,,2026-01-06 19:52:01.04,2026-01-06 19:52:01.04,14,Activo,,Automatico
12742,1,14,2,2026-01-08,Laborado,,,2026-01-06 19:52:01.04,2026-01-06 19:52:01.04,15,Activo,,Automatico
12744,1,7,2,2026-01-08,Laborado,,,2026-01-06 19:52:01.04,2026-01-06 19:52:01.04,20,Activo,,Automatico
12746,1,14,2,2026-01-08,Laborado,,,2026-01-06 19:52:01.04,2026-01-06 19:52:01.04,25,Activo,,Automatico
12747,1,15,2,2026-01-08,Laborado,,,2026-01-06 19:52:01.04,2026-01-06 19:52:01.04,26,Activo,,Automatico
12748,1,7,2,2026-01-08,Laborado,,,2026-01-06 19:52:01.04,2026-01-06 19:52:01.04,27,Activo,,Automatico
12749,1,8,2,2026-01-08,Laborado,,,2026-01-06 19:52:01.04,2026-01-06 19:52:01.04,31,Activo,,Automatico
12750,1,14,2,2026-01-08,Laborado,,,2026-01-06 19:52:01.04,2026-01-06 19:52:01.04,39,Activo,,Automatico
12751,1,14,3,2026-01-08,Laborado,,,2026-01-06 19:52:01.04,2026-01-06 19:52:01.04,9,Activo,,Automatico
12752,1,8,3,2026-01-08,Laborado,,,2026-01-06 19:52:01.04,2026-01-06 19:52:01.04,23,Activo,,Automatico
12753,1,9,3,2026-01-08,Laborado,,,2026-01-06 19:52:01.04,2026-01-06 19:52:01.04,32,Activo,,Automatico
12754,1,14,3,2026-01-08,Laborado,,,2026-01-06 19:52:01.04,2026-01-06 19:52:01.04,37,Activo,,Automatico
12756,1,8,4,2026-01-08,Laborado,,,2026-01-06 19:52:01.04,2026-01-06 19:52:01.04,13,Activo,,Automatico
12758,1,8,4,2026-01-08,Laborado,,,2026-01-06 19:52:01.04,2026-01-06 19:52:01.04,21,Activo,,Automatico
12760,1,8,4,2026-01-08,Laborado,,,2026-01-06 19:52:01.04,2026-01-06 19:52:01.04,24,Activo,,Automatico
12762,1,8,4,2026-01-08,Laborado,,,2026-01-06 19:52:01.04,2026-01-06 19:52:01.04,30,Activo,,Automatico
12764,1,8,4,2026-01-08,Laborado,,,2026-01-06 19:52:01.04,2026-01-06 19:52:01.04,33,Activo,,Automatico
12765,1,7,4,2026-01-08,Laborado,,,2026-01-06 19:52:01.04,2026-01-06 19:52:01.04,34,Activo,,Automatico
12767,1,7,4,2026-01-08,Laborado,,,2026-01-06 19:52:01.04,2026-01-06 19:52:01.04,38,Activo,,Automatico
12771,1,14,5,2026-01-08,Laborado,,,2026-01-06 19:52:01.04,2026-01-06 19:52:01.04,17,Activo,,Automatico
12777,1,8,6,2026-01-08,Laborado,,,2026-01-06 19:52:01.04,2026-01-06 19:52:01.04,8,Activo,,Automatico
12779,1,15,6,2026-01-08,Laborado,,,2026-01-06 19:52:01.04,2026-01-06 19:52:01.04,10,Activo,,Automatico
12784,1,14,6,2026-01-08,Laborado,,,2026-01-06 19:52:01.04,2026-01-06 19:52:01.04,16,Activo,,Automatico
12792,1,8,7,2026-01-08,Laborado,,,2026-01-06 19:52:01.04,2026-01-06 19:52:01.04,7,Activo,,Automatico
12797,1,15,7,2026-01-08,Laborado,,,2026-01-06 19:52:01.04,2026-01-06 19:52:01.04,28,Activo,,Automatico
12807,1,14,9,2026-01-08,Laborado,,,2026-01-06 19:52:01.04,2026-01-06 19:52:01.04,4,Activo,,Automatico
12823,1,15,9,2026-01-08,Laborado,,,2026-01-06 19:52:01.04,2026-01-06 19:52:01.04,36,Activo,,Automatico
12861,1,14,1,2026-01-09,Laborado,,,2026-01-06 19:52:01.04,2026-01-06 19:52:01.04,6,Activo,,Automatico
12862,1,5,1,2026-01-09,Laborado,,,2026-01-06 19:52:01.04,2026-01-06 19:52:01.04,12,Activo,,Automatico
12863,1,14,1,2026-01-09,Laborado,,,2026-01-06 19:52:01.04,2026-01-06 19:52:01.04,18,Activo,,Automatico
12864,1,5,1,2026-01-09,Laborado,,,2026-01-06 19:52:01.04,2026-01-06 19:52:01.04,19,Activo,,Automatico
12865,1,14,1,2026-01-09,Laborado,,,2026-01-06 19:52:01.04,2026-01-06 19:52:01.04,22,Activo,,Automatico
12866,1,5,1,2026-01-09,Laborado,,,2026-01-06 19:52:01.04,2026-01-06 19:52:01.04,29,Activo,,Automatico
12867,1,8,2,2026-01-09,Laborado,,,2026-01-06 19:52:01.04,2026-01-06 19:52:01.04,2,Activo,,Automatico
12868,1,14,2,2026-01-09,Laborado,,,2026-01-06 19:52:01.04,2026-01-06 19:52:01.04,3,Activo,,Automatico
12869,1,15,2,2026-01-09,Laborado,,,2026-01-06 19:52:01.04,2026-01-06 19:52:01.04,5,Activo,,Automatico
12870,1,7,2,2026-01-09,Laborado,,,2026-01-06 19:52:01.04,2026-01-06 19:52:01.04,11,Activo,,Automatico
12872,1,14,2,2026-01-09,Laborado,,,2026-01-06 19:52:01.04,2026-01-06 19:52:01.04,14,Activo,,Automatico
12873,1,15,2,2026-01-09,Laborado,,,2026-01-06 19:52:01.04,2026-01-06 19:52:01.04,15,Activo,,Automatico
12875,1,8,2,2026-01-09,Laborado,,,2026-01-06 19:52:01.04,2026-01-06 19:52:01.04,20,Activo,,Automatico
12877,1,15,2,2026-01-09,Laborado,,,2026-01-06 19:52:01.04,2026-01-06 19:52:01.04,25,Activo,,Automatico
12878,1,7,2,2026-01-09,Laborado,,,2026-01-06 19:52:01.04,2026-01-06 19:52:01.04,26,Activo,,Automatico
12879,1,8,2,2026-01-09,Laborado,,,2026-01-06 19:52:01.04,2026-01-06 19:52:01.04,27,Activo,,Automatico
12880,1,14,2,2026-01-09,Laborado,,,2026-01-06 19:52:01.04,2026-01-06 19:52:01.04,31,Activo,,Automatico
12881,1,15,2,2026-01-09,Laborado,,,2026-01-06 19:52:01.04,2026-01-06 19:52:01.04,39,Activo,,Automatico
12882,1,8,3,2026-01-09,Laborado,,,2026-01-06 19:52:01.04,2026-01-06 19:52:01.04,9,Activo,,Automatico
12883,1,9,3,2026-01-09,Laborado,,,2026-01-06 19:52:01.04,2026-01-06 19:52:01.04,23,Activo,,Automatico
12884,1,14,3,2026-01-09,Laborado,,,2026-01-06 19:52:01.04,2026-01-06 19:52:01.04,32,Activo,,Automatico
12885,1,8,3,2026-01-09,Laborado,,,2026-01-06 19:52:01.04,2026-01-06 19:52:01.04,37,Activo,,Automatico
12887,1,7,4,2026-01-09,Laborado,,,2026-01-06 19:52:01.04,2026-01-06 19:52:01.04,13,Activo,,Automatico
12889,1,7,4,2026-01-09,Laborado,,,2026-01-06 19:52:01.04,2026-01-06 19:52:01.04,21,Activo,,Automatico
12891,1,7,4,2026-01-09,Laborado,,,2026-01-06 19:52:01.04,2026-01-06 19:52:01.04,24,Activo,,Automatico
12893,1,7,4,2026-01-09,Laborado,,,2026-01-06 19:52:01.04,2026-01-06 19:52:01.04,30,Activo,,Automatico
12895,1,7,4,2026-01-09,Laborado,,,2026-01-06 19:52:01.04,2026-01-06 19:52:01.04,33,Activo,,Automatico
12896,1,8,4,2026-01-09,Laborado,,,2026-01-06 19:52:01.04,2026-01-06 19:52:01.04,34,Activo,,Automatico
12898,1,8,4,2026-01-09,Laborado,,,2026-01-06 19:52:01.04,2026-01-06 19:52:01.04,38,Activo,,Automatico
12902,1,5,5,2026-01-09,Laborado,,,2026-01-06 19:52:01.04,2026-01-06 19:52:01.04,17,Activo,,Automatico
12908,1,14,6,2026-01-09,Laborado,,,2026-01-06 19:52:01.04,2026-01-06 19:52:01.04,8,Activo,,Automatico
12910,1,8,6,2026-01-09,Laborado,,,2026-01-06 19:52:01.04,2026-01-06 19:52:01.04,10,Activo,,Automatico
12915,1,15,6,2026-01-09,Laborado,,,2026-01-06 19:52:01.04,2026-01-06 19:52:01.04,16,Activo,,Automatico
12923,1,14,7,2026-01-09,Laborado,,,2026-01-06 19:52:01.04,2026-01-06 19:52:01.04,7,Activo,,Automatico
12928,1,8,7,2026-01-09,Laborado,,,2026-01-06 19:52:01.04,2026-01-06 19:52:01.04,28,Activo,,Automatico
12938,1,15,9,2026-01-09,Laborado,,,2026-01-06 19:52:01.04,2026-01-06 19:52:01.04,4,Activo,,Automatico
12954,1,8,9,2026-01-09,Laborado,,,2026-01-06 19:52:01.04,2026-01-06 19:52:01.04,36,Activo,,Automatico
12992,1,5,1,2026-01-10,Laborado,,,2026-01-06 19:52:01.04,2026-01-06 19:52:01.04,6,Activo,,Automatico
12993,1,14,1,2026-01-10,Laborado,,,2026-01-06 19:52:01.04,2026-01-06 19:52:01.04,12,Activo,,Automatico
12994,1,5,1,2026-01-10,Laborado,,,2026-01-06 19:52:01.04,2026-01-06 19:52:01.04,18,Activo,,Automatico
12995,1,14,1,2026-01-10,Laborado,,,2026-01-06 19:52:01.04,2026-01-06 19:52:01.04,19,Activo,,Automatico
12996,1,5,1,2026-01-10,Laborado,,,2026-01-06 19:52:01.04,2026-01-06 19:52:01.04,22,Activo,,Automatico
12997,1,14,1,2026-01-10,Laborado,,,2026-01-06 19:52:01.04,2026-01-06 19:52:01.04,29,Activo,,Automatico
12998,1,14,2,2026-01-10,Laborado,,,2026-01-06 19:52:01.04,2026-01-06 19:52:01.04,2,Activo,,Automatico
12999,1,15,2,2026-01-10,Laborado,,,2026-01-06 19:52:01.04,2026-01-06 19:52:01.04,3,Activo,,Automatico
13000,1,7,2,2026-01-10,Laborado,,,2026-01-06 19:52:01.04,2026-01-06 19:52:01.04,5,Activo,,Automatico
13001,1,8,2,2026-01-10,Laborado,,,2026-01-06 19:52:01.04,2026-01-06 19:52:01.04,11,Activo,,Automatico
13003,1,15,2,2026-01-10,Laborado,,,2026-01-06 19:52:01.04,2026-01-06 19:52:01.04,14,Activo,,Automatico
13004,1,7,2,2026-01-10,Laborado,,,2026-01-06 19:52:01.04,2026-01-06 19:52:01.04,15,Activo,,Automatico
13006,1,14,2,2026-01-10,Laborado,,,2026-01-06 19:52:01.04,2026-01-06 19:52:01.04,20,Activo,,Automatico
13008,1,7,2,2026-01-10,Laborado,,,2026-01-06 19:52:01.04,2026-01-06 19:52:01.04,25,Activo,,Automatico
13009,1,8,2,2026-01-10,Laborado,,,2026-01-06 19:52:01.04,2026-01-06 19:52:01.04,26,Activo,,Automatico
13010,1,14,2,2026-01-10,Laborado,,,2026-01-06 19:52:01.04,2026-01-06 19:52:01.04,27,Activo,,Automatico
13011,1,15,2,2026-01-10,Laborado,,,2026-01-06 19:52:01.04,2026-01-06 19:52:01.04,31,Activo,,Automatico
13012,1,7,2,2026-01-10,Laborado,,,2026-01-06 19:52:01.04,2026-01-06 19:52:01.04,39,Activo,,Automatico
13013,1,9,3,2026-01-10,Laborado,,,2026-01-06 19:52:01.04,2026-01-06 19:52:01.04,9,Activo,,Automatico
13014,1,14,3,2026-01-10,Laborado,,,2026-01-06 19:52:01.04,2026-01-06 19:52:01.04,23,Activo,,Automatico
13015,1,8,3,2026-01-10,Laborado,,,2026-01-06 19:52:01.04,2026-01-06 19:52:01.04,32,Activo,,Automatico
13016,1,9,3,2026-01-10,Laborado,,,2026-01-06 19:52:01.04,2026-01-06 19:52:01.04,37,Activo,,Automatico
13018,1,8,4,2026-01-10,Laborado,,,2026-01-06 19:52:01.04,2026-01-06 19:52:01.04,13,Activo,,Automatico
13020,1,8,4,2026-01-10,Laborado,,,2026-01-06 19:52:01.04,2026-01-06 19:52:01.04,21,Activo,,Automatico
13022,1,8,4,2026-01-10,Laborado,,,2026-01-06 19:52:01.04,2026-01-06 19:52:01.04,24,Activo,,Automatico
13024,1,8,4,2026-01-10,Laborado,,,2026-01-06 19:52:01.04,2026-01-06 19:52:01.04,30,Activo,,Automatico
13026,1,8,4,2026-01-10,Laborado,,,2026-01-06 19:52:01.04,2026-01-06 19:52:01.04,33,Activo,,Automatico
13027,1,7,4,2026-01-10,Laborado,,,2026-01-06 19:52:01.04,2026-01-06 19:52:01.04,34,Activo,,Automatico
13029,1,7,4,2026-01-10,Laborado,,,2026-01-06 19:52:01.04,2026-01-06 19:52:01.04,38,Activo,,Automatico
13033,1,8,5,2026-01-10,Laborado,,,2026-01-06 19:52:01.04,2026-01-06 19:52:01.04,17,Activo,,Automatico
13039,1,15,6,2026-01-10,Laborado,,,2026-01-06 19:52:01.04,2026-01-06 19:52:01.04,8,Activo,,Automatico
13041,1,14,6,2026-01-10,Laborado,,,2026-01-06 19:52:01.04,2026-01-06 19:52:01.04,10,Activo,,Automatico
13046,1,8,6,2026-01-10,Laborado,,,2026-01-06 19:52:01.04,2026-01-06 19:52:01.04,16,Activo,,Automatico
13054,1,15,7,2026-01-10,Laborado,,,2026-01-06 19:52:01.04,2026-01-06 19:52:01.04,7,Activo,,Automatico
13059,1,14,7,2026-01-10,Laborado,,,2026-01-06 19:52:01.04,2026-01-06 19:52:01.04,28,Activo,,Automatico
13069,1,8,9,2026-01-10,Laborado,,,2026-01-06 19:52:01.04,2026-01-06 19:52:01.04,4,Activo,,Automatico
13085,1,14,9,2026-01-10,Laborado,,,2026-01-06 19:52:01.04,2026-01-06 19:52:01.04,36,Activo,,Automatico
13123,1,14,1,2026-01-11,Laborado,,,2026-01-06 19:52:01.04,2026-01-06 19:52:01.04,6,Activo,,Automatico
13124,1,5,1,2026-01-11,Laborado,,,2026-01-06 19:52:01.04,2026-01-06 19:52:01.04,12,Activo,,Automatico
13125,1,14,1,2026-01-11,Laborado,,,2026-01-06 19:52:01.04,2026-01-06 19:52:01.04,18,Activo,,Automatico
13126,1,5,1,2026-01-11,Laborado,,,2026-01-06 19:52:01.04,2026-01-06 19:52:01.04,19,Activo,,Automatico
13127,1,14,1,2026-01-11,Laborado,,,2026-01-06 19:52:01.04,2026-01-06 19:52:01.04,22,Activo,,Automatico
13128,1,5,1,2026-01-11,Laborado,,,2026-01-06 19:52:01.04,2026-01-06 19:52:01.04,29,Activo,,Automatico
13129,1,15,2,2026-01-11,Laborado,,,2026-01-06 19:52:01.04,2026-01-06 19:52:01.04,2,Activo,,Automatico
13130,1,7,2,2026-01-11,Laborado,,,2026-01-06 19:52:01.04,2026-01-06 19:52:01.04,3,Activo,,Automatico
13131,1,8,2,2026-01-11,Laborado,,,2026-01-06 19:52:01.04,2026-01-06 19:52:01.04,5,Activo,,Automatico
13132,1,14,2,2026-01-11,Laborado,,,2026-01-06 19:52:01.04,2026-01-06 19:52:01.04,11,Activo,,Automatico
13134,1,7,2,2026-01-11,Laborado,,,2026-01-06 19:52:01.04,2026-01-06 19:52:01.04,14,Activo,,Automatico
13135,1,8,2,2026-01-11,Laborado,,,2026-01-06 19:52:01.04,2026-01-06 19:52:01.04,15,Activo,,Automatico
13137,1,15,2,2026-01-11,Laborado,,,2026-01-06 19:52:01.04,2026-01-06 19:52:01.04,20,Activo,,Automatico
13139,1,8,2,2026-01-11,Laborado,,,2026-01-06 19:52:01.04,2026-01-06 19:52:01.04,25,Activo,,Automatico
13140,1,14,2,2026-01-11,Laborado,,,2026-01-06 19:52:01.04,2026-01-06 19:52:01.04,26,Activo,,Automatico
13141,1,15,2,2026-01-11,Laborado,,,2026-01-06 19:52:01.04,2026-01-06 19:52:01.04,27,Activo,,Automatico
13142,1,7,2,2026-01-11,Laborado,,,2026-01-06 19:52:01.04,2026-01-06 19:52:01.04,31,Activo,,Automatico
13143,1,8,2,2026-01-11,Laborado,,,2026-01-06 19:52:01.04,2026-01-06 19:52:01.04,39,Activo,,Automatico
13144,1,14,3,2026-01-11,Laborado,,,2026-01-06 19:52:01.04,2026-01-06 19:52:01.04,9,Activo,,Automatico
13145,1,8,3,2026-01-11,Laborado,,,2026-01-06 19:52:01.04,2026-01-06 19:52:01.04,23,Activo,,Automatico
13146,1,9,3,2026-01-11,Laborado,,,2026-01-06 19:52:01.04,2026-01-06 19:52:01.04,32,Activo,,Automatico
13147,1,14,3,2026-01-11,Laborado,,,2026-01-06 19:52:01.04,2026-01-06 19:52:01.04,37,Activo,,Automatico
13149,1,7,4,2026-01-11,Laborado,,,2026-01-06 19:52:01.04,2026-01-06 19:52:01.04,13,Activo,,Automatico
13151,1,7,4,2026-01-11,Laborado,,,2026-01-06 19:52:01.04,2026-01-06 19:52:01.04,21,Activo,,Automatico
13153,1,7,4,2026-01-11,Laborado,,,2026-01-06 19:52:01.04,2026-01-06 19:52:01.04,24,Activo,,Automatico
13155,1,7,4,2026-01-11,Laborado,,,2026-01-06 19:52:01.04,2026-01-06 19:52:01.04,30,Activo,,Automatico
13157,1,7,4,2026-01-11,Laborado,,,2026-01-06 19:52:01.04,2026-01-06 19:52:01.04,33,Activo,,Automatico
13158,1,8,4,2026-01-11,Laborado,,,2026-01-06 19:52:01.04,2026-01-06 19:52:01.04,34,Activo,,Automatico
13160,1,8,4,2026-01-11,Laborado,,,2026-01-06 19:52:01.04,2026-01-06 19:52:01.04,38,Activo,,Automatico
13164,1,14,5,2026-01-11,Laborado,,,2026-01-06 19:52:01.04,2026-01-06 19:52:01.04,17,Activo,,Automatico
13170,1,8,6,2026-01-11,Laborado,,,2026-01-06 19:52:01.04,2026-01-06 19:52:01.04,8,Activo,,Automatico
13172,1,15,6,2026-01-11,Laborado,,,2026-01-06 19:52:01.04,2026-01-06 19:52:01.04,10,Activo,,Automatico
13177,1,14,6,2026-01-11,Laborado,,,2026-01-06 19:52:01.04,2026-01-06 19:52:01.04,16,Activo,,Automatico
13185,1,8,7,2026-01-11,Laborado,,,2026-01-06 19:52:01.04,2026-01-06 19:52:01.04,7,Activo,,Automatico
13190,1,15,7,2026-01-11,Laborado,,,2026-01-06 19:52:01.04,2026-01-06 19:52:01.04,28,Activo,,Automatico
13200,1,14,9,2026-01-11,Laborado,,,2026-01-06 19:52:01.04,2026-01-06 19:52:01.04,4,Activo,,Automatico
13216,1,15,9,2026-01-11,Laborado,,,2026-01-06 19:52:01.04,2026-01-06 19:52:01.04,36,Activo,,Automatico
13254,1,5,1,2026-01-12,Laborado,,,2026-01-06 19:52:01.04,2026-01-06 19:52:01.04,6,Activo,,Automatico
13255,1,14,1,2026-01-12,Laborado,,,2026-01-06 19:52:01.04,2026-01-06 19:52:01.04,12,Activo,,Automatico
13256,1,5,1,2026-01-12,Laborado,,,2026-01-06 19:52:01.04,2026-01-06 19:52:01.04,18,Activo,,Automatico
13257,1,14,1,2026-01-12,Laborado,,,2026-01-06 19:52:01.04,2026-01-06 19:52:01.04,19,Activo,,Automatico
13258,1,5,1,2026-01-12,Laborado,,,2026-01-06 19:52:01.04,2026-01-06 19:52:01.04,22,Activo,,Automatico
13259,1,14,1,2026-01-12,Laborado,,,2026-01-06 19:52:01.04,2026-01-06 19:52:01.04,29,Activo,,Automatico
13260,1,7,2,2026-01-12,Laborado,,,2026-01-06 19:52:01.04,2026-01-06 19:52:01.04,2,Activo,,Automatico
13261,1,8,2,2026-01-12,Laborado,,,2026-01-06 19:52:01.04,2026-01-06 19:52:01.04,3,Activo,,Automatico
13262,1,14,2,2026-01-12,Laborado,,,2026-01-06 19:52:01.04,2026-01-06 19:52:01.04,5,Activo,,Automatico
13263,1,15,2,2026-01-12,Laborado,,,2026-01-06 19:52:01.04,2026-01-06 19:52:01.04,11,Activo,,Automatico
13265,1,8,2,2026-01-12,Laborado,,,2026-01-06 19:52:01.04,2026-01-06 19:52:01.04,14,Activo,,Automatico
13266,1,14,2,2026-01-12,Laborado,,,2026-01-06 19:52:01.04,2026-01-06 19:52:01.04,15,Activo,,Automatico
13268,1,7,2,2026-01-12,Laborado,,,2026-01-06 19:52:01.04,2026-01-06 19:52:01.04,20,Activo,,Automatico
13270,1,14,2,2026-01-12,Laborado,,,2026-01-06 19:52:01.04,2026-01-06 19:52:01.04,25,Activo,,Automatico
13271,1,15,2,2026-01-12,Laborado,,,2026-01-06 19:52:01.04,2026-01-06 19:52:01.04,26,Activo,,Automatico
13272,1,7,2,2026-01-12,Laborado,,,2026-01-06 19:52:01.04,2026-01-06 19:52:01.04,27,Activo,,Automatico
13273,1,8,2,2026-01-12,Laborado,,,2026-01-06 19:52:01.04,2026-01-06 19:52:01.04,31,Activo,,Automatico
13274,1,14,2,2026-01-12,Laborado,,,2026-01-06 19:52:01.04,2026-01-06 19:52:01.04,39,Activo,,Automatico
13275,1,8,3,2026-01-12,Laborado,,,2026-01-06 19:52:01.04,2026-01-06 19:52:01.04,9,Activo,,Automatico
13276,1,9,3,2026-01-12,Laborado,,,2026-01-06 19:52:01.04,2026-01-06 19:52:01.04,23,Activo,,Automatico
13277,1,14,3,2026-01-12,Laborado,,,2026-01-06 19:52:01.04,2026-01-06 19:52:01.04,32,Activo,,Automatico
13278,1,8,3,2026-01-12,Laborado,,,2026-01-06 19:52:01.04,2026-01-06 19:52:01.04,37,Activo,,Automatico
13280,1,8,4,2026-01-12,Laborado,,,2026-01-06 19:52:01.04,2026-01-06 19:52:01.04,13,Activo,,Automatico
13282,1,8,4,2026-01-12,Laborado,,,2026-01-06 19:52:01.04,2026-01-06 19:52:01.04,21,Activo,,Automatico
13284,1,8,4,2026-01-12,Laborado,,,2026-01-06 19:52:01.04,2026-01-06 19:52:01.04,24,Activo,,Automatico
13286,1,8,4,2026-01-12,Laborado,,,2026-01-06 19:52:01.04,2026-01-06 19:52:01.04,30,Activo,,Automatico
13288,1,8,4,2026-01-12,Laborado,,,2026-01-06 19:52:01.04,2026-01-06 19:52:01.04,33,Activo,,Automatico
13289,1,7,4,2026-01-12,Laborado,,,2026-01-06 19:52:01.04,2026-01-06 19:52:01.04,34,Activo,,Automatico
13291,1,7,4,2026-01-12,Laborado,,,2026-01-06 19:52:01.04,2026-01-06 19:52:01.04,38,Activo,,Automatico
13295,1,5,5,2026-01-12,Laborado,,,2026-01-06 19:52:01.04,2026-01-06 19:52:01.04,17,Activo,,Automatico
13301,1,14,6,2026-01-12,Laborado,,,2026-01-06 19:52:01.04,2026-01-06 19:52:01.04,8,Activo,,Automatico
13303,1,8,6,2026-01-12,Laborado,,,2026-01-06 19:52:01.04,2026-01-06 19:52:01.04,10,Activo,,Automatico
13308,1,15,6,2026-01-12,Laborado,,,2026-01-06 19:52:01.04,2026-01-06 19:52:01.04,16,Activo,,Automatico
13316,1,14,7,2026-01-12,Laborado,,,2026-01-06 19:52:01.04,2026-01-06 19:52:01.04,7,Activo,,Automatico
13321,1,8,7,2026-01-12,Laborado,,,2026-01-06 19:52:01.04,2026-01-06 19:52:01.04,28,Activo,,Automatico
13331,1,15,9,2026-01-12,Laborado,,,2026-01-06 19:52:01.04,2026-01-06 19:52:01.04,4,Activo,,Automatico
13347,1,8,9,2026-01-12,Laborado,,,2026-01-06 19:52:01.04,2026-01-06 19:52:01.04,36,Activo,,Automatico
13385,1,14,1,2026-01-13,Laborado,,,2026-01-06 19:52:01.04,2026-01-06 19:52:01.04,6,Activo,,Automatico
13386,1,5,1,2026-01-13,Laborado,,,2026-01-06 19:52:01.04,2026-01-06 19:52:01.04,12,Activo,,Automatico
13387,1,14,1,2026-01-13,Laborado,,,2026-01-06 19:52:01.04,2026-01-06 19:52:01.04,18,Activo,,Automatico
13388,1,5,1,2026-01-13,Laborado,,,2026-01-06 19:52:01.04,2026-01-06 19:52:01.04,19,Activo,,Automatico
13389,1,14,1,2026-01-13,Laborado,,,2026-01-06 19:52:01.04,2026-01-06 19:52:01.04,22,Activo,,Automatico
13390,1,5,1,2026-01-13,Laborado,,,2026-01-06 19:52:01.04,2026-01-06 19:52:01.04,29,Activo,,Automatico
13391,1,8,2,2026-01-13,Laborado,,,2026-01-06 19:52:01.04,2026-01-06 19:52:01.04,2,Activo,,Automatico
13392,1,14,2,2026-01-13,Laborado,,,2026-01-06 19:52:01.04,2026-01-06 19:52:01.04,3,Activo,,Automatico
13393,1,15,2,2026-01-13,Laborado,,,2026-01-06 19:52:01.04,2026-01-06 19:52:01.04,5,Activo,,Automatico
13394,1,7,2,2026-01-13,Laborado,,,2026-01-06 19:52:01.04,2026-01-06 19:52:01.04,11,Activo,,Automatico
13396,1,14,2,2026-01-13,Laborado,,,2026-01-06 19:52:01.04,2026-01-06 19:52:01.04,14,Activo,,Automatico
13397,1,15,2,2026-01-13,Laborado,,,2026-01-06 19:52:01.04,2026-01-06 19:52:01.04,15,Activo,,Automatico
13399,1,8,2,2026-01-13,Laborado,,,2026-01-06 19:52:01.04,2026-01-06 19:52:01.04,20,Activo,,Automatico
13401,1,15,2,2026-01-13,Laborado,,,2026-01-06 19:52:01.04,2026-01-06 19:52:01.04,25,Activo,,Automatico
13402,1,7,2,2026-01-13,Laborado,,,2026-01-06 19:52:01.04,2026-01-06 19:52:01.04,26,Activo,,Automatico
13403,1,8,2,2026-01-13,Laborado,,,2026-01-06 19:52:01.04,2026-01-06 19:52:01.04,27,Activo,,Automatico
13404,1,14,2,2026-01-13,Laborado,,,2026-01-06 19:52:01.04,2026-01-06 19:52:01.04,31,Activo,,Automatico
13405,1,15,2,2026-01-13,Laborado,,,2026-01-06 19:52:01.04,2026-01-06 19:52:01.04,39,Activo,,Automatico
13406,1,9,3,2026-01-13,Laborado,,,2026-01-06 19:52:01.04,2026-01-06 19:52:01.04,9,Activo,,Automatico
13407,1,14,3,2026-01-13,Laborado,,,2026-01-06 19:52:01.04,2026-01-06 19:52:01.04,23,Activo,,Automatico
13408,1,8,3,2026-01-13,Laborado,,,2026-01-06 19:52:01.04,2026-01-06 19:52:01.04,32,Activo,,Automatico
13409,1,9,3,2026-01-13,Laborado,,,2026-01-06 19:52:01.04,2026-01-06 19:52:01.04,37,Activo,,Automatico
13411,1,7,4,2026-01-13,Laborado,,,2026-01-06 19:52:01.04,2026-01-06 19:52:01.04,13,Activo,,Automatico
13413,1,7,4,2026-01-13,Laborado,,,2026-01-06 19:52:01.04,2026-01-06 19:52:01.04,21,Activo,,Automatico
13415,1,7,4,2026-01-13,Laborado,,,2026-01-06 19:52:01.04,2026-01-06 19:52:01.04,24,Activo,,Automatico
13417,1,7,4,2026-01-13,Laborado,,,2026-01-06 19:52:01.04,2026-01-06 19:52:01.04,30,Activo,,Automatico
13419,1,7,4,2026-01-13,Laborado,,,2026-01-06 19:52:01.04,2026-01-06 19:52:01.04,33,Activo,,Automatico
13420,1,8,4,2026-01-13,Laborado,,,2026-01-06 19:52:01.04,2026-01-06 19:52:01.04,34,Activo,,Automatico
13422,1,8,4,2026-01-13,Laborado,,,2026-01-06 19:52:01.04,2026-01-06 19:52:01.04,38,Activo,,Automatico
13426,1,8,5,2026-01-13,Laborado,,,2026-01-06 19:52:01.04,2026-01-06 19:52:01.04,17,Activo,,Automatico
13432,1,15,6,2026-01-13,Laborado,,,2026-01-06 19:52:01.04,2026-01-06 19:52:01.04,8,Activo,,Automatico
13434,1,14,6,2026-01-13,Laborado,,,2026-01-06 19:52:01.04,2026-01-06 19:52:01.04,10,Activo,,Automatico
13439,1,8,6,2026-01-13,Laborado,,,2026-01-06 19:52:01.04,2026-01-06 19:52:01.04,16,Activo,,Automatico
13447,1,15,7,2026-01-13,Laborado,,,2026-01-06 19:52:01.04,2026-01-06 19:52:01.04,7,Activo,,Automatico
13452,1,14,7,2026-01-13,Laborado,,,2026-01-06 19:52:01.04,2026-01-06 19:52:01.04,28,Activo,,Automatico
13462,1,8,9,2026-01-13,Laborado,,,2026-01-06 19:52:01.04,2026-01-06 19:52:01.04,4,Activo,,Automatico
13478,1,14,9,2026-01-13,Laborado,,,2026-01-06 19:52:01.04,2026-01-06 19:52:01.04,36,Activo,,Automatico
13516,1,5,1,2026-01-14,Laborado,,,2026-01-06 19:52:01.04,2026-01-06 19:52:01.04,6,Activo,,Automatico
13517,1,14,1,2026-01-14,Laborado,,,2026-01-06 19:52:01.04,2026-01-06 19:52:01.04,12,Activo,,Automatico
13518,1,5,1,2026-01-14,Laborado,,,2026-01-06 19:52:01.04,2026-01-06 19:52:01.04,18,Activo,,Automatico
13519,1,14,1,2026-01-14,Laborado,,,2026-01-06 19:52:01.04,2026-01-06 19:52:01.04,19,Activo,,Automatico
13520,1,5,1,2026-01-14,Laborado,,,2026-01-06 19:52:01.04,2026-01-06 19:52:01.04,22,Activo,,Automatico
13521,1,14,1,2026-01-14,Laborado,,,2026-01-06 19:52:01.04,2026-01-06 19:52:01.04,29,Activo,,Automatico
13522,1,14,2,2026-01-14,Laborado,,,2026-01-06 19:52:01.04,2026-01-06 19:52:01.04,2,Activo,,Automatico
13523,1,15,2,2026-01-14,Laborado,,,2026-01-06 19:52:01.04,2026-01-06 19:52:01.04,3,Activo,,Automatico
13524,1,7,2,2026-01-14,Laborado,,,2026-01-06 19:52:01.04,2026-01-06 19:52:01.04,5,Activo,,Automatico
13525,1,8,2,2026-01-14,Laborado,,,2026-01-06 19:52:01.04,2026-01-06 19:52:01.04,11,Activo,,Automatico
13527,1,15,2,2026-01-14,Laborado,,,2026-01-06 19:52:01.04,2026-01-06 19:52:01.04,14,Activo,,Automatico
13528,1,7,2,2026-01-14,Laborado,,,2026-01-06 19:52:01.04,2026-01-06 19:52:01.04,15,Activo,,Automatico
13530,1,14,2,2026-01-14,Laborado,,,2026-01-06 19:52:01.04,2026-01-06 19:52:01.04,20,Activo,,Automatico
13532,1,7,2,2026-01-14,Laborado,,,2026-01-06 19:52:01.04,2026-01-06 19:52:01.04,25,Activo,,Automatico
13533,1,8,2,2026-01-14,Laborado,,,2026-01-06 19:52:01.04,2026-01-06 19:52:01.04,26,Activo,,Automatico
13534,1,14,2,2026-01-14,Laborado,,,2026-01-06 19:52:01.04,2026-01-06 19:52:01.04,27,Activo,,Automatico
13535,1,15,2,2026-01-14,Laborado,,,2026-01-06 19:52:01.04,2026-01-06 19:52:01.04,31,Activo,,Automatico
13536,1,7,2,2026-01-14,Laborado,,,2026-01-06 19:52:01.04,2026-01-06 19:52:01.04,39,Activo,,Automatico
13537,1,14,3,2026-01-14,Laborado,,,2026-01-06 19:52:01.04,2026-01-06 19:52:01.04,9,Activo,,Automatico
13538,1,8,3,2026-01-14,Laborado,,,2026-01-06 19:52:01.04,2026-01-06 19:52:01.04,23,Activo,,Automatico
13539,1,9,3,2026-01-14,Laborado,,,2026-01-06 19:52:01.04,2026-01-06 19:52:01.04,32,Activo,,Automatico
13540,1,14,3,2026-01-14,Laborado,,,2026-01-06 19:52:01.04,2026-01-06 19:52:01.04,37,Activo,,Automatico
13542,1,8,4,2026-01-14,Laborado,,,2026-01-06 19:52:01.04,2026-01-06 19:52:01.04,13,Activo,,Automatico
13544,1,8,4,2026-01-14,Laborado,,,2026-01-06 19:52:01.04,2026-01-06 19:52:01.04,21,Activo,,Automatico
13546,1,8,4,2026-01-14,Laborado,,,2026-01-06 19:52:01.04,2026-01-06 19:52:01.04,24,Activo,,Automatico
13548,1,8,4,2026-01-14,Laborado,,,2026-01-06 19:52:01.04,2026-01-06 19:52:01.04,30,Activo,,Automatico
13550,1,8,4,2026-01-14,Laborado,,,2026-01-06 19:52:01.04,2026-01-06 19:52:01.04,33,Activo,,Automatico
13551,1,7,4,2026-01-14,Laborado,,,2026-01-06 19:52:01.04,2026-01-06 19:52:01.04,34,Activo,,Automatico
13553,1,7,4,2026-01-14,Laborado,,,2026-01-06 19:52:01.04,2026-01-06 19:52:01.04,38,Activo,,Automatico
13557,1,14,5,2026-01-14,Laborado,,,2026-01-06 19:52:01.04,2026-01-06 19:52:01.04,17,Activo,,Automatico
13563,1,8,6,2026-01-14,Laborado,,,2026-01-06 19:52:01.04,2026-01-06 19:52:01.04,8,Activo,,Automatico
13565,1,15,6,2026-01-14,Laborado,,,2026-01-06 19:52:01.04,2026-01-06 19:52:01.04,10,Activo,,Automatico
13570,1,14,6,2026-01-14,Laborado,,,2026-01-06 19:52:01.04,2026-01-06 19:52:01.04,16,Activo,,Automatico
13578,1,8,7,2026-01-14,Laborado,,,2026-01-06 19:52:01.04,2026-01-06 19:52:01.04,7,Activo,,Automatico
13583,1,15,7,2026-01-14,Laborado,,,2026-01-06 19:52:01.04,2026-01-06 19:52:01.04,28,Activo,,Automatico
13593,1,14,9,2026-01-14,Laborado,,,2026-01-06 19:52:01.04,2026-01-06 19:52:01.04,4,Activo,,Automatico
13609,1,15,9,2026-01-14,Laborado,,,2026-01-06 19:52:01.04,2026-01-06 19:52:01.04,36,Activo,,Automatico
13647,1,14,1,2026-01-15,Laborado,,,2026-01-06 19:52:01.04,2026-01-06 19:52:01.04,6,Activo,,Automatico
13648,1,5,1,2026-01-15,Laborado,,,2026-01-06 19:52:01.04,2026-01-06 19:52:01.04,12,Activo,,Automatico
13649,1,14,1,2026-01-15,Laborado,,,2026-01-06 19:52:01.04,2026-01-06 19:52:01.04,18,Activo,,Automatico
13650,1,5,1,2026-01-15,Laborado,,,2026-01-06 19:52:01.04,2026-01-06 19:52:01.04,19,Activo,,Automatico
13651,1,14,1,2026-01-15,Laborado,,,2026-01-06 19:52:01.04,2026-01-06 19:52:01.04,22,Activo,,Automatico
13652,1,5,1,2026-01-15,Laborado,,,2026-01-06 19:52:01.04,2026-01-06 19:52:01.04,29,Activo,,Automatico
13653,1,15,2,2026-01-15,Laborado,,,2026-01-06 19:52:01.04,2026-01-06 19:52:01.04,2,Activo,,Automatico
13654,1,7,2,2026-01-15,Laborado,,,2026-01-06 19:52:01.04,2026-01-06 19:52:01.04,3,Activo,,Automatico
13655,1,8,2,2026-01-15,Laborado,,,2026-01-06 19:52:01.04,2026-01-06 19:52:01.04,5,Activo,,Automatico
13656,1,14,2,2026-01-15,Laborado,,,2026-01-06 19:52:01.04,2026-01-06 19:52:01.04,11,Activo,,Automatico
13658,1,7,2,2026-01-15,Laborado,,,2026-01-06 19:52:01.04,2026-01-06 19:52:01.04,14,Activo,,Automatico
13659,1,8,2,2026-01-15,Laborado,,,2026-01-06 19:52:01.04,2026-01-06 19:52:01.04,15,Activo,,Automatico
13661,1,15,2,2026-01-15,Laborado,,,2026-01-06 19:52:01.04,2026-01-06 19:52:01.04,20,Activo,,Automatico
13663,1,8,2,2026-01-15,Laborado,,,2026-01-06 19:52:01.04,2026-01-06 19:52:01.04,25,Activo,,Automatico
13664,1,14,2,2026-01-15,Laborado,,,2026-01-06 19:52:01.04,2026-01-06 19:52:01.04,26,Activo,,Automatico
13665,1,15,2,2026-01-15,Laborado,,,2026-01-06 19:52:01.04,2026-01-06 19:52:01.04,27,Activo,,Automatico
13666,1,7,2,2026-01-15,Laborado,,,2026-01-06 19:52:01.04,2026-01-06 19:52:01.04,31,Activo,,Automatico
13667,1,8,2,2026-01-15,Laborado,,,2026-01-06 19:52:01.04,2026-01-06 19:52:01.04,39,Activo,,Automatico
13668,1,8,3,2026-01-15,Laborado,,,2026-01-06 19:52:01.04,2026-01-06 19:52:01.04,9,Activo,,Automatico
13669,1,9,3,2026-01-15,Laborado,,,2026-01-06 19:52:01.04,2026-01-06 19:52:01.04,23,Activo,,Automatico
13670,1,14,3,2026-01-15,Laborado,,,2026-01-06 19:52:01.04,2026-01-06 19:52:01.04,32,Activo,,Automatico
13671,1,8,3,2026-01-15,Laborado,,,2026-01-06 19:52:01.04,2026-01-06 19:52:01.04,37,Activo,,Automatico
13673,1,7,4,2026-01-15,Laborado,,,2026-01-06 19:52:01.04,2026-01-06 19:52:01.04,13,Activo,,Automatico
13675,1,7,4,2026-01-15,Laborado,,,2026-01-06 19:52:01.04,2026-01-06 19:52:01.04,21,Activo,,Automatico
13677,1,7,4,2026-01-15,Laborado,,,2026-01-06 19:52:01.04,2026-01-06 19:52:01.04,24,Activo,,Automatico
13679,1,7,4,2026-01-15,Laborado,,,2026-01-06 19:52:01.04,2026-01-06 19:52:01.04,30,Activo,,Automatico
13681,1,7,4,2026-01-15,Laborado,,,2026-01-06 19:52:01.04,2026-01-06 19:52:01.04,33,Activo,,Automatico
13682,1,8,4,2026-01-15,Laborado,,,2026-01-06 19:52:01.04,2026-01-06 19:52:01.04,34,Activo,,Automatico
13684,1,8,4,2026-01-15,Laborado,,,2026-01-06 19:52:01.04,2026-01-06 19:52:01.04,38,Activo,,Automatico
13688,1,5,5,2026-01-15,Laborado,,,2026-01-06 19:52:01.04,2026-01-06 19:52:01.04,17,Activo,,Automatico
13694,1,14,6,2026-01-15,Laborado,,,2026-01-06 19:52:01.04,2026-01-06 19:52:01.04,8,Activo,,Automatico
13696,1,8,6,2026-01-15,Laborado,,,2026-01-06 19:52:01.04,2026-01-06 19:52:01.04,10,Activo,,Automatico
13701,1,15,6,2026-01-15,Laborado,,,2026-01-06 19:52:01.04,2026-01-06 19:52:01.04,16,Activo,,Automatico
13709,1,14,7,2026-01-15,Laborado,,,2026-01-06 19:52:01.04,2026-01-06 19:52:01.04,7,Activo,,Automatico
13714,1,8,7,2026-01-15,Laborado,,,2026-01-06 19:52:01.04,2026-01-06 19:52:01.04,28,Activo,,Automatico
13724,1,15,9,2026-01-15,Laborado,,,2026-01-06 19:52:01.04,2026-01-06 19:52:01.04,4,Activo,,Automatico
13740,1,8,9,2026-01-15,Laborado,,,2026-01-06 19:52:01.04,2026-01-06 19:52:01.04,36,Activo,,Automatico
13778,1,5,1,2026-01-16,Laborado,,,2026-01-06 19:52:01.04,2026-01-06 19:52:01.04,6,Activo,,Automatico
13779,1,14,1,2026-01-16,Laborado,,,2026-01-06 19:52:01.04,2026-01-06 19:52:01.04,12,Activo,,Automatico
13780,1,5,1,2026-01-16,Laborado,,,2026-01-06 19:52:01.04,2026-01-06 19:52:01.04,18,Activo,,Automatico
13781,1,14,1,2026-01-16,Laborado,,,2026-01-06 19:52:01.04,2026-01-06 19:52:01.04,19,Activo,,Automatico
13782,1,5,1,2026-01-16,Laborado,,,2026-01-06 19:52:01.04,2026-01-06 19:52:01.04,22,Activo,,Automatico
13783,1,14,1,2026-01-16,Laborado,,,2026-01-06 19:52:01.04,2026-01-06 19:52:01.04,29,Activo,,Automatico
13784,1,7,2,2026-01-16,Laborado,,,2026-01-06 19:52:01.04,2026-01-06 19:52:01.04,2,Activo,,Automatico
13785,1,8,2,2026-01-16,Laborado,,,2026-01-06 19:52:01.04,2026-01-06 19:52:01.04,3,Activo,,Automatico
13786,1,14,2,2026-01-16,Laborado,,,2026-01-06 19:52:01.04,2026-01-06 19:52:01.04,5,Activo,,Automatico
13787,1,15,2,2026-01-16,Laborado,,,2026-01-06 19:52:01.04,2026-01-06 19:52:01.04,11,Activo,,Automatico
13789,1,8,2,2026-01-16,Laborado,,,2026-01-06 19:52:01.04,2026-01-06 19:52:01.04,14,Activo,,Automatico
13790,1,14,2,2026-01-16,Laborado,,,2026-01-06 19:52:01.04,2026-01-06 19:52:01.04,15,Activo,,Automatico
13792,1,7,2,2026-01-16,Laborado,,,2026-01-06 19:52:01.04,2026-01-06 19:52:01.04,20,Activo,,Automatico
13794,1,14,2,2026-01-16,Laborado,,,2026-01-06 19:52:01.04,2026-01-06 19:52:01.04,25,Activo,,Automatico
13795,1,15,2,2026-01-16,Laborado,,,2026-01-06 19:52:01.04,2026-01-06 19:52:01.04,26,Activo,,Automatico
13796,1,7,2,2026-01-16,Laborado,,,2026-01-06 19:52:01.04,2026-01-06 19:52:01.04,27,Activo,,Automatico
13797,1,8,2,2026-01-16,Laborado,,,2026-01-06 19:52:01.04,2026-01-06 19:52:01.04,31,Activo,,Automatico
13798,1,14,2,2026-01-16,Laborado,,,2026-01-06 19:52:01.04,2026-01-06 19:52:01.04,39,Activo,,Automatico
13799,1,9,3,2026-01-16,Laborado,,,2026-01-06 19:52:01.04,2026-01-06 19:52:01.04,9,Activo,,Automatico
13800,1,14,3,2026-01-16,Laborado,,,2026-01-06 19:52:01.04,2026-01-06 19:52:01.04,23,Activo,,Automatico
13801,1,8,3,2026-01-16,Laborado,,,2026-01-06 19:52:01.04,2026-01-06 19:52:01.04,32,Activo,,Automatico
13802,1,9,3,2026-01-16,Laborado,,,2026-01-06 19:52:01.04,2026-01-06 19:52:01.04,37,Activo,,Automatico
13804,1,8,4,2026-01-16,Laborado,,,2026-01-06 19:52:01.04,2026-01-06 19:52:01.04,13,Activo,,Automatico
13806,1,8,4,2026-01-16,Laborado,,,2026-01-06 19:52:01.04,2026-01-06 19:52:01.04,21,Activo,,Automatico
13808,1,8,4,2026-01-16,Laborado,,,2026-01-06 19:52:01.04,2026-01-06 19:52:01.04,24,Activo,,Automatico
13810,1,8,4,2026-01-16,Laborado,,,2026-01-06 19:52:01.04,2026-01-06 19:52:01.04,30,Activo,,Automatico
13812,1,8,4,2026-01-16,Laborado,,,2026-01-06 19:52:01.04,2026-01-06 19:52:01.04,33,Activo,,Automatico
13813,1,7,4,2026-01-16,Laborado,,,2026-01-06 19:52:01.04,2026-01-06 19:52:01.04,34,Activo,,Automatico
13815,1,7,4,2026-01-16,Laborado,,,2026-01-06 19:52:01.04,2026-01-06 19:52:01.04,38,Activo,,Automatico
13819,1,8,5,2026-01-16,Laborado,,,2026-01-06 19:52:01.04,2026-01-06 19:52:01.04,17,Activo,,Automatico
13825,1,15,6,2026-01-16,Laborado,,,2026-01-06 19:52:01.04,2026-01-06 19:52:01.04,8,Activo,,Automatico
13827,1,14,6,2026-01-16,Laborado,,,2026-01-06 19:52:01.04,2026-01-06 19:52:01.04,10,Activo,,Automatico
13832,1,8,6,2026-01-16,Laborado,,,2026-01-06 19:52:01.04,2026-01-06 19:52:01.04,16,Activo,,Automatico
13840,1,15,7,2026-01-16,Laborado,,,2026-01-06 19:52:01.04,2026-01-06 19:52:01.04,7,Activo,,Automatico
13845,1,14,7,2026-01-16,Laborado,,,2026-01-06 19:52:01.04,2026-01-06 19:52:01.04,28,Activo,,Automatico
13855,1,8,9,2026-01-16,Laborado,,,2026-01-06 19:52:01.04,2026-01-06 19:52:01.04,4,Activo,,Automatico
13871,1,14,9,2026-01-16,Laborado,,,2026-01-06 19:52:01.04,2026-01-06 19:52:01.04,36,Activo,,Automatico
13909,1,14,1,2026-01-17,Laborado,,,2026-01-06 19:52:01.04,2026-01-06 19:52:01.04,6,Activo,,Automatico
13910,1,5,1,2026-01-17,Laborado,,,2026-01-06 19:52:01.04,2026-01-06 19:52:01.04,12,Activo,,Automatico
13911,1,14,1,2026-01-17,Laborado,,,2026-01-06 19:52:01.04,2026-01-06 19:52:01.04,18,Activo,,Automatico
13912,1,5,1,2026-01-17,Laborado,,,2026-01-06 19:52:01.04,2026-01-06 19:52:01.04,19,Activo,,Automatico
13913,1,14,1,2026-01-17,Laborado,,,2026-01-06 19:52:01.04,2026-01-06 19:52:01.04,22,Activo,,Automatico
13914,1,5,1,2026-01-17,Laborado,,,2026-01-06 19:52:01.04,2026-01-06 19:52:01.04,29,Activo,,Automatico
13915,1,8,2,2026-01-17,Laborado,,,2026-01-06 19:52:01.04,2026-01-06 19:52:01.04,2,Activo,,Automatico
13916,1,14,2,2026-01-17,Laborado,,,2026-01-06 19:52:01.04,2026-01-06 19:52:01.04,3,Activo,,Automatico
13917,1,15,2,2026-01-17,Laborado,,,2026-01-06 19:52:01.04,2026-01-06 19:52:01.04,5,Activo,,Automatico
13918,1,7,2,2026-01-17,Laborado,,,2026-01-06 19:52:01.04,2026-01-06 19:52:01.04,11,Activo,,Automatico
13920,1,14,2,2026-01-17,Laborado,,,2026-01-06 19:52:01.04,2026-01-06 19:52:01.04,14,Activo,,Automatico
13921,1,15,2,2026-01-17,Laborado,,,2026-01-06 19:52:01.04,2026-01-06 19:52:01.04,15,Activo,,Automatico
13923,1,8,2,2026-01-17,Laborado,,,2026-01-06 19:52:01.04,2026-01-06 19:52:01.04,20,Activo,,Automatico
13925,1,15,2,2026-01-17,Laborado,,,2026-01-06 19:52:01.04,2026-01-06 19:52:01.04,25,Activo,,Automatico
13926,1,7,2,2026-01-17,Laborado,,,2026-01-06 19:52:01.04,2026-01-06 19:52:01.04,26,Activo,,Automatico
13927,1,8,2,2026-01-17,Laborado,,,2026-01-06 19:52:01.04,2026-01-06 19:52:01.04,27,Activo,,Automatico
13928,1,14,2,2026-01-17,Laborado,,,2026-01-06 19:52:01.04,2026-01-06 19:52:01.04,31,Activo,,Automatico
13929,1,15,2,2026-01-17,Laborado,,,2026-01-06 19:52:01.04,2026-01-06 19:52:01.04,39,Activo,,Automatico
13930,1,14,3,2026-01-17,Laborado,,,2026-01-06 19:52:01.04,2026-01-06 19:52:01.04,9,Activo,,Automatico
13931,1,8,3,2026-01-17,Laborado,,,2026-01-06 19:52:01.04,2026-01-06 19:52:01.04,23,Activo,,Automatico
13932,1,9,3,2026-01-17,Laborado,,,2026-01-06 19:52:01.04,2026-01-06 19:52:01.04,32,Activo,,Automatico
13933,1,14,3,2026-01-17,Laborado,,,2026-01-06 19:52:01.04,2026-01-06 19:52:01.04,37,Activo,,Automatico
13935,1,7,4,2026-01-17,Laborado,,,2026-01-06 19:52:01.04,2026-01-06 19:52:01.04,13,Activo,,Automatico
13937,1,7,4,2026-01-17,Laborado,,,2026-01-06 19:52:01.04,2026-01-06 19:52:01.04,21,Activo,,Automatico
13939,1,7,4,2026-01-17,Laborado,,,2026-01-06 19:52:01.04,2026-01-06 19:52:01.04,24,Activo,,Automatico
13941,1,7,4,2026-01-17,Laborado,,,2026-01-06 19:52:01.04,2026-01-06 19:52:01.04,30,Activo,,Automatico
13943,1,7,4,2026-01-17,Laborado,,,2026-01-06 19:52:01.04,2026-01-06 19:52:01.04,33,Activo,,Automatico
13944,1,8,4,2026-01-17,Laborado,,,2026-01-06 19:52:01.04,2026-01-06 19:52:01.04,34,Activo,,Automatico
13946,1,8,4,2026-01-17,Laborado,,,2026-01-06 19:52:01.04,2026-01-06 19:52:01.04,38,Activo,,Automatico
13950,1,14,5,2026-01-17,Laborado,,,2026-01-06 19:52:01.04,2026-01-06 19:52:01.04,17,Activo,,Automatico
13956,1,8,6,2026-01-17,Laborado,,,2026-01-06 19:52:01.04,2026-01-06 19:52:01.04,8,Activo,,Automatico
13958,1,15,6,2026-01-17,Laborado,,,2026-01-06 19:52:01.04,2026-01-06 19:52:01.04,10,Activo,,Automatico
13963,1,14,6,2026-01-17,Laborado,,,2026-01-06 19:52:01.04,2026-01-06 19:52:01.04,16,Activo,,Automatico
13971,1,8,7,2026-01-17,Laborado,,,2026-01-06 19:52:01.04,2026-01-06 19:52:01.04,7,Activo,,Automatico
13976,1,15,7,2026-01-17,Laborado,,,2026-01-06 19:52:01.04,2026-01-06 19:52:01.04,28,Activo,,Automatico
13986,1,14,9,2026-01-17,Laborado,,,2026-01-06 19:52:01.04,2026-01-06 19:52:01.04,4,Activo,,Automatico
14002,1,15,9,2026-01-17,Laborado,,,2026-01-06 19:52:01.04,2026-01-06 19:52:01.04,36,Activo,,Automatico
14040,1,5,1,2026-01-18,Laborado,,,2026-01-06 19:52:01.04,2026-01-06 19:52:01.04,6,Activo,,Automatico
14041,1,14,1,2026-01-18,Laborado,,,2026-01-06 19:52:01.04,2026-01-06 19:52:01.04,12,Activo,,Automatico
14042,1,5,1,2026-01-18,Laborado,,,2026-01-06 19:52:01.04,2026-01-06 19:52:01.04,18,Activo,,Automatico
14043,1,14,1,2026-01-18,Laborado,,,2026-01-06 19:52:01.04,2026-01-06 19:52:01.04,19,Activo,,Automatico
14044,1,5,1,2026-01-18,Laborado,,,2026-01-06 19:52:01.04,2026-01-06 19:52:01.04,22,Activo,,Automatico
14045,1,14,1,2026-01-18,Laborado,,,2026-01-06 19:52:01.04,2026-01-06 19:52:01.04,29,Activo,,Automatico
14046,1,14,2,2026-01-18,Laborado,,,2026-01-06 19:52:01.04,2026-01-06 19:52:01.04,2,Activo,,Automatico
14047,1,15,2,2026-01-18,Laborado,,,2026-01-06 19:52:01.04,2026-01-06 19:52:01.04,3,Activo,,Automatico
14048,1,7,2,2026-01-18,Laborado,,,2026-01-06 19:52:01.04,2026-01-06 19:52:01.04,5,Activo,,Automatico
14049,1,8,2,2026-01-18,Laborado,,,2026-01-06 19:52:01.04,2026-01-06 19:52:01.04,11,Activo,,Automatico
14051,1,15,2,2026-01-18,Laborado,,,2026-01-06 19:52:01.04,2026-01-06 19:52:01.04,14,Activo,,Automatico
14052,1,7,2,2026-01-18,Laborado,,,2026-01-06 19:52:01.04,2026-01-06 19:52:01.04,15,Activo,,Automatico
14054,1,14,2,2026-01-18,Laborado,,,2026-01-06 19:52:01.04,2026-01-06 19:52:01.04,20,Activo,,Automatico
14056,1,7,2,2026-01-18,Laborado,,,2026-01-06 19:52:01.04,2026-01-06 19:52:01.04,25,Activo,,Automatico
14057,1,8,2,2026-01-18,Laborado,,,2026-01-06 19:52:01.04,2026-01-06 19:52:01.04,26,Activo,,Automatico
14058,1,14,2,2026-01-18,Laborado,,,2026-01-06 19:52:01.04,2026-01-06 19:52:01.04,27,Activo,,Automatico
14059,1,15,2,2026-01-18,Laborado,,,2026-01-06 19:52:01.04,2026-01-06 19:52:01.04,31,Activo,,Automatico
14060,1,7,2,2026-01-18,Laborado,,,2026-01-06 19:52:01.04,2026-01-06 19:52:01.04,39,Activo,,Automatico
14061,1,8,3,2026-01-18,Laborado,,,2026-01-06 19:52:01.04,2026-01-06 19:52:01.04,9,Activo,,Automatico
14062,1,9,3,2026-01-18,Laborado,,,2026-01-06 19:52:01.04,2026-01-06 19:52:01.04,23,Activo,,Automatico
14063,1,14,3,2026-01-18,Laborado,,,2026-01-06 19:52:01.04,2026-01-06 19:52:01.04,32,Activo,,Automatico
14064,1,8,3,2026-01-18,Laborado,,,2026-01-06 19:52:01.04,2026-01-06 19:52:01.04,37,Activo,,Automatico
14066,1,8,4,2026-01-18,Laborado,,,2026-01-06 19:52:01.04,2026-01-06 19:52:01.04,13,Activo,,Automatico
14068,1,8,4,2026-01-18,Laborado,,,2026-01-06 19:52:01.04,2026-01-06 19:52:01.04,21,Activo,,Automatico
14070,1,8,4,2026-01-18,Laborado,,,2026-01-06 19:52:01.04,2026-01-06 19:52:01.04,24,Activo,,Automatico
14072,1,8,4,2026-01-18,Laborado,,,2026-01-06 19:52:01.04,2026-01-06 19:52:01.04,30,Activo,,Automatico
14074,1,8,4,2026-01-18,Laborado,,,2026-01-06 19:52:01.04,2026-01-06 19:52:01.04,33,Activo,,Automatico
14075,1,7,4,2026-01-18,Laborado,,,2026-01-06 19:52:01.04,2026-01-06 19:52:01.04,34,Activo,,Automatico
14077,1,7,4,2026-01-18,Laborado,,,2026-01-06 19:52:01.04,2026-01-06 19:52:01.04,38,Activo,,Automatico
14081,1,5,5,2026-01-18,Laborado,,,2026-01-06 19:52:01.04,2026-01-06 19:52:01.04,17,Activo,,Automatico
14087,1,14,6,2026-01-18,Laborado,,,2026-01-06 19:52:01.04,2026-01-06 19:52:01.04,8,Activo,,Automatico
14089,1,8,6,2026-01-18,Laborado,,,2026-01-06 19:52:01.04,2026-01-06 19:52:01.04,10,Activo,,Automatico
14094,1,15,6,2026-01-18,Laborado,,,2026-01-06 19:52:01.04,2026-01-06 19:52:01.04,16,Activo,,Automatico
14102,1,14,7,2026-01-18,Laborado,,,2026-01-06 19:52:01.04,2026-01-06 19:52:01.04,7,Activo,,Automatico
14107,1,8,7,2026-01-18,Laborado,,,2026-01-06 19:52:01.04,2026-01-06 19:52:01.04,28,Activo,,Automatico
14117,1,15,9,2026-01-18,Laborado,,,2026-01-06 19:52:01.04,2026-01-06 19:52:01.04,4,Activo,,Automatico
14133,1,8,9,2026-01-18,Laborado,,,2026-01-06 19:52:01.04,2026-01-06 19:52:01.04,36,Activo,,Automatico
14171,1,14,1,2026-01-19,Laborado,,,2026-01-06 19:52:01.04,2026-01-06 19:52:01.04,6,Activo,,Automatico
14172,1,5,1,2026-01-19,Laborado,,,2026-01-06 19:52:01.04,2026-01-06 19:52:01.04,12,Activo,,Automatico
14173,1,14,1,2026-01-19,Laborado,,,2026-01-06 19:52:01.04,2026-01-06 19:52:01.04,18,Activo,,Automatico
14174,1,5,1,2026-01-19,Laborado,,,2026-01-06 19:52:01.04,2026-01-06 19:52:01.04,19,Activo,,Automatico
14175,1,14,1,2026-01-19,Laborado,,,2026-01-06 19:52:01.04,2026-01-06 19:52:01.04,22,Activo,,Automatico
14176,1,5,1,2026-01-19,Laborado,,,2026-01-06 19:52:01.04,2026-01-06 19:52:01.04,29,Activo,,Automatico
14177,1,15,2,2026-01-19,Laborado,,,2026-01-06 19:52:01.04,2026-01-06 19:52:01.04,2,Activo,,Automatico
14178,1,7,2,2026-01-19,Laborado,,,2026-01-06 19:52:01.04,2026-01-06 19:52:01.04,3,Activo,,Automatico
14179,1,8,2,2026-01-19,Laborado,,,2026-01-06 19:52:01.04,2026-01-06 19:52:01.04,5,Activo,,Automatico
14180,1,14,2,2026-01-19,Laborado,,,2026-01-06 19:52:01.04,2026-01-06 19:52:01.04,11,Activo,,Automatico
14182,1,7,2,2026-01-19,Laborado,,,2026-01-06 19:52:01.04,2026-01-06 19:52:01.04,14,Activo,,Automatico
14183,1,8,2,2026-01-19,Laborado,,,2026-01-06 19:52:01.04,2026-01-06 19:52:01.04,15,Activo,,Automatico
14185,1,15,2,2026-01-19,Laborado,,,2026-01-06 19:52:01.04,2026-01-06 19:52:01.04,20,Activo,,Automatico
14187,1,8,2,2026-01-19,Laborado,,,2026-01-06 19:52:01.04,2026-01-06 19:52:01.04,25,Activo,,Automatico
14188,1,14,2,2026-01-19,Laborado,,,2026-01-06 19:52:01.04,2026-01-06 19:52:01.04,26,Activo,,Automatico
14189,1,15,2,2026-01-19,Laborado,,,2026-01-06 19:52:01.04,2026-01-06 19:52:01.04,27,Activo,,Automatico
14190,1,7,2,2026-01-19,Laborado,,,2026-01-06 19:52:01.04,2026-01-06 19:52:01.04,31,Activo,,Automatico
14191,1,8,2,2026-01-19,Laborado,,,2026-01-06 19:52:01.04,2026-01-06 19:52:01.04,39,Activo,,Automatico
14192,1,9,3,2026-01-19,Laborado,,,2026-01-06 19:52:01.04,2026-01-06 19:52:01.04,9,Activo,,Automatico
14193,1,14,3,2026-01-19,Laborado,,,2026-01-06 19:52:01.04,2026-01-06 19:52:01.04,23,Activo,,Automatico
14194,1,8,3,2026-01-19,Laborado,,,2026-01-06 19:52:01.04,2026-01-06 19:52:01.04,32,Activo,,Automatico
14195,1,9,3,2026-01-19,Laborado,,,2026-01-06 19:52:01.04,2026-01-06 19:52:01.04,37,Activo,,Automatico
14197,1,7,4,2026-01-19,Laborado,,,2026-01-06 19:52:01.04,2026-01-06 19:52:01.04,13,Activo,,Automatico
14199,1,7,4,2026-01-19,Laborado,,,2026-01-06 19:52:01.04,2026-01-06 19:52:01.04,21,Activo,,Automatico
14201,1,7,4,2026-01-19,Laborado,,,2026-01-06 19:52:01.04,2026-01-06 19:52:01.04,24,Activo,,Automatico
14203,1,7,4,2026-01-19,Laborado,,,2026-01-06 19:52:01.04,2026-01-06 19:52:01.04,30,Activo,,Automatico
14205,1,7,4,2026-01-19,Laborado,,,2026-01-06 19:52:01.04,2026-01-06 19:52:01.04,33,Activo,,Automatico
14206,1,8,4,2026-01-19,Laborado,,,2026-01-06 19:52:01.04,2026-01-06 19:52:01.04,34,Activo,,Automatico
14208,1,8,4,2026-01-19,Laborado,,,2026-01-06 19:52:01.04,2026-01-06 19:52:01.04,38,Activo,,Automatico
14212,1,8,5,2026-01-19,Laborado,,,2026-01-06 19:52:01.04,2026-01-06 19:52:01.04,17,Activo,,Automatico
14218,1,15,6,2026-01-19,Laborado,,,2026-01-06 19:52:01.04,2026-01-06 19:52:01.04,8,Activo,,Automatico
14220,1,14,6,2026-01-19,Laborado,,,2026-01-06 19:52:01.04,2026-01-06 19:52:01.04,10,Activo,,Automatico
14225,1,8,6,2026-01-19,Laborado,,,2026-01-06 19:52:01.04,2026-01-06 19:52:01.04,16,Activo,,Automatico
14233,1,15,7,2026-01-19,Laborado,,,2026-01-06 19:52:01.04,2026-01-06 19:52:01.04,7,Activo,,Automatico
14238,1,14,7,2026-01-19,Laborado,,,2026-01-06 19:52:01.04,2026-01-06 19:52:01.04,28,Activo,,Automatico
14248,1,8,9,2026-01-19,Laborado,,,2026-01-06 19:52:01.04,2026-01-06 19:52:01.04,4,Activo,,Automatico
14264,1,14,9,2026-01-19,Laborado,,,2026-01-06 19:52:01.04,2026-01-06 19:52:01.04,36,Activo,,Automatico
14302,1,5,1,2026-01-20,Laborado,,,2026-01-06 19:52:01.04,2026-01-06 19:52:01.04,6,Activo,,Automatico
14303,1,14,1,2026-01-20,Laborado,,,2026-01-06 19:52:01.04,2026-01-06 19:52:01.04,12,Activo,,Automatico
14304,1,5,1,2026-01-20,Laborado,,,2026-01-06 19:52:01.04,2026-01-06 19:52:01.04,18,Activo,,Automatico
14305,1,14,1,2026-01-20,Laborado,,,2026-01-06 19:52:01.04,2026-01-06 19:52:01.04,19,Activo,,Automatico
14306,1,5,1,2026-01-20,Laborado,,,2026-01-06 19:52:01.04,2026-01-06 19:52:01.04,22,Activo,,Automatico
14307,1,14,1,2026-01-20,Laborado,,,2026-01-06 19:52:01.04,2026-01-06 19:52:01.04,29,Activo,,Automatico
14308,1,7,2,2026-01-20,Laborado,,,2026-01-06 19:52:01.04,2026-01-06 19:52:01.04,2,Activo,,Automatico
14309,1,8,2,2026-01-20,Laborado,,,2026-01-06 19:52:01.04,2026-01-06 19:52:01.04,3,Activo,,Automatico
14310,1,14,2,2026-01-20,Laborado,,,2026-01-06 19:52:01.04,2026-01-06 19:52:01.04,5,Activo,,Automatico
14311,1,15,2,2026-01-20,Laborado,,,2026-01-06 19:52:01.04,2026-01-06 19:52:01.04,11,Activo,,Automatico
14313,1,8,2,2026-01-20,Laborado,,,2026-01-06 19:52:01.04,2026-01-06 19:52:01.04,14,Activo,,Automatico
14314,1,14,2,2026-01-20,Laborado,,,2026-01-06 19:52:01.04,2026-01-06 19:52:01.04,15,Activo,,Automatico
14316,1,7,2,2026-01-20,Laborado,,,2026-01-06 19:52:01.04,2026-01-06 19:52:01.04,20,Activo,,Automatico
14318,1,14,2,2026-01-20,Laborado,,,2026-01-06 19:52:01.04,2026-01-06 19:52:01.04,25,Activo,,Automatico
14319,1,15,2,2026-01-20,Laborado,,,2026-01-06 19:52:01.04,2026-01-06 19:52:01.04,26,Activo,,Automatico
14320,1,7,2,2026-01-20,Laborado,,,2026-01-06 19:52:01.04,2026-01-06 19:52:01.04,27,Activo,,Automatico
14321,1,8,2,2026-01-20,Laborado,,,2026-01-06 19:52:01.04,2026-01-06 19:52:01.04,31,Activo,,Automatico
14322,1,14,2,2026-01-20,Laborado,,,2026-01-06 19:52:01.04,2026-01-06 19:52:01.04,39,Activo,,Automatico
14323,1,14,3,2026-01-20,Laborado,,,2026-01-06 19:52:01.04,2026-01-06 19:52:01.04,9,Activo,,Automatico
14324,1,8,3,2026-01-20,Laborado,,,2026-01-06 19:52:01.04,2026-01-06 19:52:01.04,23,Activo,,Automatico
14325,1,9,3,2026-01-20,Laborado,,,2026-01-06 19:52:01.04,2026-01-06 19:52:01.04,32,Activo,,Automatico
14326,1,14,3,2026-01-20,Laborado,,,2026-01-06 19:52:01.04,2026-01-06 19:52:01.04,37,Activo,,Automatico
14328,1,8,4,2026-01-20,Laborado,,,2026-01-06 19:52:01.04,2026-01-06 19:52:01.04,13,Activo,,Automatico
14330,1,8,4,2026-01-20,Laborado,,,2026-01-06 19:52:01.04,2026-01-06 19:52:01.04,21,Activo,,Automatico
14332,1,8,4,2026-01-20,Laborado,,,2026-01-06 19:52:01.04,2026-01-06 19:52:01.04,24,Activo,,Automatico
14334,1,8,4,2026-01-20,Laborado,,,2026-01-06 19:52:01.04,2026-01-06 19:52:01.04,30,Activo,,Automatico
14336,1,8,4,2026-01-20,Laborado,,,2026-01-06 19:52:01.04,2026-01-06 19:52:01.04,33,Activo,,Automatico
14337,1,7,4,2026-01-20,Laborado,,,2026-01-06 19:52:01.04,2026-01-06 19:52:01.04,34,Activo,,Automatico
14339,1,7,4,2026-01-20,Laborado,,,2026-01-06 19:52:01.04,2026-01-06 19:52:01.04,38,Activo,,Automatico
14343,1,14,5,2026-01-20,Laborado,,,2026-01-06 19:52:01.04,2026-01-06 19:52:01.04,17,Activo,,Automatico
14349,1,8,6,2026-01-20,Laborado,,,2026-01-06 19:52:01.04,2026-01-06 19:52:01.04,8,Activo,,Automatico
14351,1,15,6,2026-01-20,Laborado,,,2026-01-06 19:52:01.04,2026-01-06 19:52:01.04,10,Activo,,Automatico
14356,1,14,6,2026-01-20,Laborado,,,2026-01-06 19:52:01.04,2026-01-06 19:52:01.04,16,Activo,,Automatico
14364,1,8,7,2026-01-20,Laborado,,,2026-01-06 19:52:01.04,2026-01-06 19:52:01.04,7,Activo,,Automatico
14369,1,15,7,2026-01-20,Laborado,,,2026-01-06 19:52:01.04,2026-01-06 19:52:01.04,28,Activo,,Automatico
14379,1,14,9,2026-01-20,Laborado,,,2026-01-06 19:52:01.04,2026-01-06 19:52:01.04,4,Activo,,Automatico
14395,1,15,9,2026-01-20,Laborado,,,2026-01-06 19:52:01.04,2026-01-06 19:52:01.04,36,Activo,,Automatico
14433,1,14,1,2026-01-21,Laborado,,,2026-01-06 19:52:01.04,2026-01-06 19:52:01.04,6,Activo,,Automatico
14434,1,5,1,2026-01-21,Laborado,,,2026-01-06 19:52:01.04,2026-01-06 19:52:01.04,12,Activo,,Automatico
14435,1,14,1,2026-01-21,Laborado,,,2026-01-06 19:52:01.04,2026-01-06 19:52:01.04,18,Activo,,Automatico
14436,1,5,1,2026-01-21,Laborado,,,2026-01-06 19:52:01.04,2026-01-06 19:52:01.04,19,Activo,,Automatico
14437,1,14,1,2026-01-21,Laborado,,,2026-01-06 19:52:01.04,2026-01-06 19:52:01.04,22,Activo,,Automatico
14438,1,5,1,2026-01-21,Laborado,,,2026-01-06 19:52:01.04,2026-01-06 19:52:01.04,29,Activo,,Automatico
14439,1,8,2,2026-01-21,Laborado,,,2026-01-06 19:52:01.04,2026-01-06 19:52:01.04,2,Activo,,Automatico
14440,1,14,2,2026-01-21,Laborado,,,2026-01-06 19:52:01.04,2026-01-06 19:52:01.04,3,Activo,,Automatico
14441,1,15,2,2026-01-21,Laborado,,,2026-01-06 19:52:01.04,2026-01-06 19:52:01.04,5,Activo,,Automatico
14442,1,7,2,2026-01-21,Laborado,,,2026-01-06 19:52:01.04,2026-01-06 19:52:01.04,11,Activo,,Automatico
14444,1,14,2,2026-01-21,Laborado,,,2026-01-06 19:52:01.04,2026-01-06 19:52:01.04,14,Activo,,Automatico
14445,1,15,2,2026-01-21,Laborado,,,2026-01-06 19:52:01.04,2026-01-06 19:52:01.04,15,Activo,,Automatico
14447,1,8,2,2026-01-21,Laborado,,,2026-01-06 19:52:01.04,2026-01-06 19:52:01.04,20,Activo,,Automatico
14449,1,15,2,2026-01-21,Laborado,,,2026-01-06 19:52:01.04,2026-01-06 19:52:01.04,25,Activo,,Automatico
14450,1,7,2,2026-01-21,Laborado,,,2026-01-06 19:52:01.04,2026-01-06 19:52:01.04,26,Activo,,Automatico
14451,1,8,2,2026-01-21,Laborado,,,2026-01-06 19:52:01.04,2026-01-06 19:52:01.04,27,Activo,,Automatico
14452,1,14,2,2026-01-21,Laborado,,,2026-01-06 19:52:01.04,2026-01-06 19:52:01.04,31,Activo,,Automatico
14453,1,15,2,2026-01-21,Laborado,,,2026-01-06 19:52:01.04,2026-01-06 19:52:01.04,39,Activo,,Automatico
14454,1,8,3,2026-01-21,Laborado,,,2026-01-06 19:52:01.04,2026-01-06 19:52:01.04,9,Activo,,Automatico
14455,1,9,3,2026-01-21,Laborado,,,2026-01-06 19:52:01.04,2026-01-06 19:52:01.04,23,Activo,,Automatico
14456,1,14,3,2026-01-21,Laborado,,,2026-01-06 19:52:01.04,2026-01-06 19:52:01.04,32,Activo,,Automatico
14457,1,8,3,2026-01-21,Laborado,,,2026-01-06 19:52:01.04,2026-01-06 19:52:01.04,37,Activo,,Automatico
14459,1,7,4,2026-01-21,Laborado,,,2026-01-06 19:52:01.04,2026-01-06 19:52:01.04,13,Activo,,Automatico
14461,1,7,4,2026-01-21,Laborado,,,2026-01-06 19:52:01.04,2026-01-06 19:52:01.04,21,Activo,,Automatico
14463,1,7,4,2026-01-21,Laborado,,,2026-01-06 19:52:01.04,2026-01-06 19:52:01.04,24,Activo,,Automatico
14465,1,7,4,2026-01-21,Laborado,,,2026-01-06 19:52:01.04,2026-01-06 19:52:01.04,30,Activo,,Automatico
14467,1,7,4,2026-01-21,Laborado,,,2026-01-06 19:52:01.04,2026-01-06 19:52:01.04,33,Activo,,Automatico
14468,1,8,4,2026-01-21,Laborado,,,2026-01-06 19:52:01.04,2026-01-06 19:52:01.04,34,Activo,,Automatico
14470,1,8,4,2026-01-21,Laborado,,,2026-01-06 19:52:01.04,2026-01-06 19:52:01.04,38,Activo,,Automatico
14474,1,5,5,2026-01-21,Laborado,,,2026-01-06 19:52:01.04,2026-01-06 19:52:01.04,17,Activo,,Automatico
14480,1,14,6,2026-01-21,Laborado,,,2026-01-06 19:52:01.04,2026-01-06 19:52:01.04,8,Activo,,Automatico
14482,1,8,6,2026-01-21,Laborado,,,2026-01-06 19:52:01.04,2026-01-06 19:52:01.04,10,Activo,,Automatico
14487,1,15,6,2026-01-21,Laborado,,,2026-01-06 19:52:01.04,2026-01-06 19:52:01.04,16,Activo,,Automatico
14495,1,14,7,2026-01-21,Laborado,,,2026-01-06 19:52:01.04,2026-01-06 19:52:01.04,7,Activo,,Automatico
14500,1,8,7,2026-01-21,Laborado,,,2026-01-06 19:52:01.04,2026-01-06 19:52:01.04,28,Activo,,Automatico
14510,1,15,9,2026-01-21,Laborado,,,2026-01-06 19:52:01.04,2026-01-06 19:52:01.04,4,Activo,,Automatico
14526,1,8,9,2026-01-21,Laborado,,,2026-01-06 19:52:01.04,2026-01-06 19:52:01.04,36,Activo,,Automatico
14564,1,5,1,2026-01-22,Laborado,,,2026-01-06 19:52:01.04,2026-01-06 19:52:01.04,6,Activo,,Automatico
14565,1,14,1,2026-01-22,Laborado,,,2026-01-06 19:52:01.04,2026-01-06 19:52:01.04,12,Activo,,Automatico
14566,1,5,1,2026-01-22,Laborado,,,2026-01-06 19:52:01.04,2026-01-06 19:52:01.04,18,Activo,,Automatico
14567,1,14,1,2026-01-22,Laborado,,,2026-01-06 19:52:01.04,2026-01-06 19:52:01.04,19,Activo,,Automatico
14568,1,5,1,2026-01-22,Laborado,,,2026-01-06 19:52:01.04,2026-01-06 19:52:01.04,22,Activo,,Automatico
14569,1,14,1,2026-01-22,Laborado,,,2026-01-06 19:52:01.04,2026-01-06 19:52:01.04,29,Activo,,Automatico
14570,1,14,2,2026-01-22,Laborado,,,2026-01-06 19:52:01.04,2026-01-06 19:52:01.04,2,Activo,,Automatico
14571,1,15,2,2026-01-22,Laborado,,,2026-01-06 19:52:01.04,2026-01-06 19:52:01.04,3,Activo,,Automatico
14572,1,7,2,2026-01-22,Laborado,,,2026-01-06 19:52:01.04,2026-01-06 19:52:01.04,5,Activo,,Automatico
14573,1,8,2,2026-01-22,Laborado,,,2026-01-06 19:52:01.04,2026-01-06 19:52:01.04,11,Activo,,Automatico
14575,1,15,2,2026-01-22,Laborado,,,2026-01-06 19:52:01.04,2026-01-06 19:52:01.04,14,Activo,,Automatico
14576,1,7,2,2026-01-22,Laborado,,,2026-01-06 19:52:01.04,2026-01-06 19:52:01.04,15,Activo,,Automatico
14578,1,14,2,2026-01-22,Laborado,,,2026-01-06 19:52:01.04,2026-01-06 19:52:01.04,20,Activo,,Automatico
14580,1,7,2,2026-01-22,Laborado,,,2026-01-06 19:52:01.04,2026-01-06 19:52:01.04,25,Activo,,Automatico
14581,1,8,2,2026-01-22,Laborado,,,2026-01-06 19:52:01.04,2026-01-06 19:52:01.04,26,Activo,,Automatico
14582,1,14,2,2026-01-22,Laborado,,,2026-01-06 19:52:01.04,2026-01-06 19:52:01.04,27,Activo,,Automatico
14583,1,15,2,2026-01-22,Laborado,,,2026-01-06 19:52:01.04,2026-01-06 19:52:01.04,31,Activo,,Automatico
14584,1,7,2,2026-01-22,Laborado,,,2026-01-06 19:52:01.04,2026-01-06 19:52:01.04,39,Activo,,Automatico
14585,1,9,3,2026-01-22,Laborado,,,2026-01-06 19:52:01.04,2026-01-06 19:52:01.04,9,Activo,,Automatico
14586,1,14,3,2026-01-22,Laborado,,,2026-01-06 19:52:01.04,2026-01-06 19:52:01.04,23,Activo,,Automatico
14587,1,8,3,2026-01-22,Laborado,,,2026-01-06 19:52:01.04,2026-01-06 19:52:01.04,32,Activo,,Automatico
14588,1,9,3,2026-01-22,Laborado,,,2026-01-06 19:52:01.04,2026-01-06 19:52:01.04,37,Activo,,Automatico
14590,1,8,4,2026-01-22,Laborado,,,2026-01-06 19:52:01.04,2026-01-06 19:52:01.04,13,Activo,,Automatico
14592,1,8,4,2026-01-22,Laborado,,,2026-01-06 19:52:01.04,2026-01-06 19:52:01.04,21,Activo,,Automatico
14594,1,8,4,2026-01-22,Laborado,,,2026-01-06 19:52:01.04,2026-01-06 19:52:01.04,24,Activo,,Automatico
14596,1,8,4,2026-01-22,Laborado,,,2026-01-06 19:52:01.04,2026-01-06 19:52:01.04,30,Activo,,Automatico
14598,1,8,4,2026-01-22,Laborado,,,2026-01-06 19:52:01.04,2026-01-06 19:52:01.04,33,Activo,,Automatico
14599,1,7,4,2026-01-22,Laborado,,,2026-01-06 19:52:01.04,2026-01-06 19:52:01.04,34,Activo,,Automatico
14601,1,7,4,2026-01-22,Laborado,,,2026-01-06 19:52:01.04,2026-01-06 19:52:01.04,38,Activo,,Automatico
14605,1,8,5,2026-01-22,Laborado,,,2026-01-06 19:52:01.04,2026-01-06 19:52:01.04,17,Activo,,Automatico
14611,1,15,6,2026-01-22,Laborado,,,2026-01-06 19:52:01.04,2026-01-06 19:52:01.04,8,Activo,,Automatico
14613,1,14,6,2026-01-22,Laborado,,,2026-01-06 19:52:01.04,2026-01-06 19:52:01.04,10,Activo,,Automatico
14618,1,8,6,2026-01-22,Laborado,,,2026-01-06 19:52:01.04,2026-01-06 19:52:01.04,16,Activo,,Automatico
14626,1,15,7,2026-01-22,Laborado,,,2026-01-06 19:52:01.04,2026-01-06 19:52:01.04,7,Activo,,Automatico
14631,1,14,7,2026-01-22,Laborado,,,2026-01-06 19:52:01.04,2026-01-06 19:52:01.04,28,Activo,,Automatico
14641,1,8,9,2026-01-22,Laborado,,,2026-01-06 19:52:01.04,2026-01-06 19:52:01.04,4,Activo,,Automatico
14657,1,14,9,2026-01-22,Laborado,,,2026-01-06 19:52:01.04,2026-01-06 19:52:01.04,36,Activo,,Automatico
14695,1,14,1,2026-01-23,Laborado,,,2026-01-06 19:52:01.04,2026-01-06 19:52:01.04,6,Activo,,Automatico
14696,1,5,1,2026-01-23,Laborado,,,2026-01-06 19:52:01.04,2026-01-06 19:52:01.04,12,Activo,,Automatico
14697,1,14,1,2026-01-23,Laborado,,,2026-01-06 19:52:01.04,2026-01-06 19:52:01.04,18,Activo,,Automatico
14698,1,5,1,2026-01-23,Laborado,,,2026-01-06 19:52:01.04,2026-01-06 19:52:01.04,19,Activo,,Automatico
14699,1,14,1,2026-01-23,Laborado,,,2026-01-06 19:52:01.04,2026-01-06 19:52:01.04,22,Activo,,Automatico
14700,1,5,1,2026-01-23,Laborado,,,2026-01-06 19:52:01.04,2026-01-06 19:52:01.04,29,Activo,,Automatico
14701,1,15,2,2026-01-23,Laborado,,,2026-01-06 19:52:01.04,2026-01-06 19:52:01.04,2,Activo,,Automatico
14702,1,7,2,2026-01-23,Laborado,,,2026-01-06 19:52:01.04,2026-01-06 19:52:01.04,3,Activo,,Automatico
14703,1,8,2,2026-01-23,Laborado,,,2026-01-06 19:52:01.04,2026-01-06 19:52:01.04,5,Activo,,Automatico
14704,1,14,2,2026-01-23,Laborado,,,2026-01-06 19:52:01.04,2026-01-06 19:52:01.04,11,Activo,,Automatico
14706,1,7,2,2026-01-23,Laborado,,,2026-01-06 19:52:01.04,2026-01-06 19:52:01.04,14,Activo,,Automatico
14707,1,8,2,2026-01-23,Laborado,,,2026-01-06 19:52:01.04,2026-01-06 19:52:01.04,15,Activo,,Automatico
14709,1,15,2,2026-01-23,Laborado,,,2026-01-06 19:52:01.04,2026-01-06 19:52:01.04,20,Activo,,Automatico
14711,1,8,2,2026-01-23,Laborado,,,2026-01-06 19:52:01.04,2026-01-06 19:52:01.04,25,Activo,,Automatico
14712,1,14,2,2026-01-23,Laborado,,,2026-01-06 19:52:01.04,2026-01-06 19:52:01.04,26,Activo,,Automatico
14713,1,15,2,2026-01-23,Laborado,,,2026-01-06 19:52:01.04,2026-01-06 19:52:01.04,27,Activo,,Automatico
14714,1,7,2,2026-01-23,Laborado,,,2026-01-06 19:52:01.04,2026-01-06 19:52:01.04,31,Activo,,Automatico
14715,1,8,2,2026-01-23,Laborado,,,2026-01-06 19:52:01.04,2026-01-06 19:52:01.04,39,Activo,,Automatico
14716,1,14,3,2026-01-23,Laborado,,,2026-01-06 19:52:01.04,2026-01-06 19:52:01.04,9,Activo,,Automatico
14717,1,8,3,2026-01-23,Laborado,,,2026-01-06 19:52:01.04,2026-01-06 19:52:01.04,23,Activo,,Automatico
14718,1,9,3,2026-01-23,Laborado,,,2026-01-06 19:52:01.04,2026-01-06 19:52:01.04,32,Activo,,Automatico
14719,1,14,3,2026-01-23,Laborado,,,2026-01-06 19:52:01.04,2026-01-06 19:52:01.04,37,Activo,,Automatico
14721,1,7,4,2026-01-23,Laborado,,,2026-01-06 19:52:01.04,2026-01-06 19:52:01.04,13,Activo,,Automatico
14723,1,7,4,2026-01-23,Laborado,,,2026-01-06 19:52:01.04,2026-01-06 19:52:01.04,21,Activo,,Automatico
14725,1,7,4,2026-01-23,Laborado,,,2026-01-06 19:52:01.04,2026-01-06 19:52:01.04,24,Activo,,Automatico
14727,1,7,4,2026-01-23,Laborado,,,2026-01-06 19:52:01.04,2026-01-06 19:52:01.04,30,Activo,,Automatico
14729,1,7,4,2026-01-23,Laborado,,,2026-01-06 19:52:01.04,2026-01-06 19:52:01.04,33,Activo,,Automatico
14730,1,8,4,2026-01-23,Laborado,,,2026-01-06 19:52:01.04,2026-01-06 19:52:01.04,34,Activo,,Automatico
14732,1,8,4,2026-01-23,Laborado,,,2026-01-06 19:52:01.04,2026-01-06 19:52:01.04,38,Activo,,Automatico
14736,1,14,5,2026-01-23,Laborado,,,2026-01-06 19:52:01.04,2026-01-06 19:52:01.04,17,Activo,,Automatico
14742,1,8,6,2026-01-23,Laborado,,,2026-01-06 19:52:01.04,2026-01-06 19:52:01.04,8,Activo,,Automatico
14744,1,15,6,2026-01-23,Laborado,,,2026-01-06 19:52:01.04,2026-01-06 19:52:01.04,10,Activo,,Automatico
14749,1,14,6,2026-01-23,Laborado,,,2026-01-06 19:52:01.04,2026-01-06 19:52:01.04,16,Activo,,Automatico
14757,1,8,7,2026-01-23,Laborado,,,2026-01-06 19:52:01.04,2026-01-06 19:52:01.04,7,Activo,,Automatico
14762,1,15,7,2026-01-23,Laborado,,,2026-01-06 19:52:01.04,2026-01-06 19:52:01.04,28,Activo,,Automatico
14772,1,14,9,2026-01-23,Laborado,,,2026-01-06 19:52:01.04,2026-01-06 19:52:01.04,4,Activo,,Automatico
14788,1,15,9,2026-01-23,Laborado,,,2026-01-06 19:52:01.04,2026-01-06 19:52:01.04,36,Activo,,Automatico
14826,1,5,1,2026-01-24,Laborado,,,2026-01-06 19:52:01.04,2026-01-06 19:52:01.04,6,Activo,,Automatico
14827,1,14,1,2026-01-24,Laborado,,,2026-01-06 19:52:01.04,2026-01-06 19:52:01.04,12,Activo,,Automatico
14828,1,5,1,2026-01-24,Laborado,,,2026-01-06 19:52:01.04,2026-01-06 19:52:01.04,18,Activo,,Automatico
14829,1,14,1,2026-01-24,Laborado,,,2026-01-06 19:52:01.04,2026-01-06 19:52:01.04,19,Activo,,Automatico
14830,1,5,1,2026-01-24,Laborado,,,2026-01-06 19:52:01.04,2026-01-06 19:52:01.04,22,Activo,,Automatico
14831,1,14,1,2026-01-24,Laborado,,,2026-01-06 19:52:01.04,2026-01-06 19:52:01.04,29,Activo,,Automatico
14832,1,7,2,2026-01-24,Laborado,,,2026-01-06 19:52:01.04,2026-01-06 19:52:01.04,2,Activo,,Automatico
14833,1,8,2,2026-01-24,Laborado,,,2026-01-06 19:52:01.04,2026-01-06 19:52:01.04,3,Activo,,Automatico
14834,1,14,2,2026-01-24,Laborado,,,2026-01-06 19:52:01.04,2026-01-06 19:52:01.04,5,Activo,,Automatico
14835,1,15,2,2026-01-24,Laborado,,,2026-01-06 19:52:01.04,2026-01-06 19:52:01.04,11,Activo,,Automatico
14837,1,8,2,2026-01-24,Laborado,,,2026-01-06 19:52:01.04,2026-01-06 19:52:01.04,14,Activo,,Automatico
14838,1,14,2,2026-01-24,Laborado,,,2026-01-06 19:52:01.04,2026-01-06 19:52:01.04,15,Activo,,Automatico
14840,1,7,2,2026-01-24,Laborado,,,2026-01-06 19:52:01.04,2026-01-06 19:52:01.04,20,Activo,,Automatico
14842,1,14,2,2026-01-24,Laborado,,,2026-01-06 19:52:01.04,2026-01-06 19:52:01.04,25,Activo,,Automatico
14843,1,15,2,2026-01-24,Laborado,,,2026-01-06 19:52:01.04,2026-01-06 19:52:01.04,26,Activo,,Automatico
14844,1,7,2,2026-01-24,Laborado,,,2026-01-06 19:52:01.04,2026-01-06 19:52:01.04,27,Activo,,Automatico
14845,1,8,2,2026-01-24,Laborado,,,2026-01-06 19:52:01.04,2026-01-06 19:52:01.04,31,Activo,,Automatico
14846,1,14,2,2026-01-24,Laborado,,,2026-01-06 19:52:01.04,2026-01-06 19:52:01.04,39,Activo,,Automatico
14847,1,8,3,2026-01-24,Laborado,,,2026-01-06 19:52:01.04,2026-01-06 19:52:01.04,9,Activo,,Automatico
14848,1,9,3,2026-01-24,Laborado,,,2026-01-06 19:52:01.04,2026-01-06 19:52:01.04,23,Activo,,Automatico
14849,1,14,3,2026-01-24,Laborado,,,2026-01-06 19:52:01.04,2026-01-06 19:52:01.04,32,Activo,,Automatico
14850,1,8,3,2026-01-24,Laborado,,,2026-01-06 19:52:01.04,2026-01-06 19:52:01.04,37,Activo,,Automatico
14852,1,8,4,2026-01-24,Laborado,,,2026-01-06 19:52:01.04,2026-01-06 19:52:01.04,13,Activo,,Automatico
14854,1,8,4,2026-01-24,Laborado,,,2026-01-06 19:52:01.04,2026-01-06 19:52:01.04,21,Activo,,Automatico
14856,1,8,4,2026-01-24,Laborado,,,2026-01-06 19:52:01.04,2026-01-06 19:52:01.04,24,Activo,,Automatico
14858,1,8,4,2026-01-24,Laborado,,,2026-01-06 19:52:01.04,2026-01-06 19:52:01.04,30,Activo,,Automatico
14860,1,8,4,2026-01-24,Laborado,,,2026-01-06 19:52:01.04,2026-01-06 19:52:01.04,33,Activo,,Automatico
14861,1,7,4,2026-01-24,Laborado,,,2026-01-06 19:52:01.04,2026-01-06 19:52:01.04,34,Activo,,Automatico
14863,1,7,4,2026-01-24,Laborado,,,2026-01-06 19:52:01.04,2026-01-06 19:52:01.04,38,Activo,,Automatico
14867,1,5,5,2026-01-24,Laborado,,,2026-01-06 19:52:01.04,2026-01-06 19:52:01.04,17,Activo,,Automatico
14873,1,14,6,2026-01-24,Laborado,,,2026-01-06 19:52:01.04,2026-01-06 19:52:01.04,8,Activo,,Automatico
14875,1,8,6,2026-01-24,Laborado,,,2026-01-06 19:52:01.04,2026-01-06 19:52:01.04,10,Activo,,Automatico
14880,1,15,6,2026-01-24,Laborado,,,2026-01-06 19:52:01.04,2026-01-06 19:52:01.04,16,Activo,,Automatico
14888,1,14,7,2026-01-24,Laborado,,,2026-01-06 19:52:01.04,2026-01-06 19:52:01.04,7,Activo,,Automatico
14893,1,8,7,2026-01-24,Laborado,,,2026-01-06 19:52:01.04,2026-01-06 19:52:01.04,28,Activo,,Automatico
14903,1,15,9,2026-01-24,Laborado,,,2026-01-06 19:52:01.04,2026-01-06 19:52:01.04,4,Activo,,Automatico
14919,1,8,9,2026-01-24,Laborado,,,2026-01-06 19:52:01.04,2026-01-06 19:52:01.04,36,Activo,,Automatico
14957,1,14,1,2026-01-25,Laborado,,,2026-01-06 19:52:01.04,2026-01-06 19:52:01.04,6,Activo,,Automatico
14958,1,5,1,2026-01-25,Laborado,,,2026-01-06 19:52:01.04,2026-01-06 19:52:01.04,12,Activo,,Automatico
14959,1,14,1,2026-01-25,Laborado,,,2026-01-06 19:52:01.04,2026-01-06 19:52:01.04,18,Activo,,Automatico
14960,1,5,1,2026-01-25,Laborado,,,2026-01-06 19:52:01.04,2026-01-06 19:52:01.04,19,Activo,,Automatico
14961,1,14,1,2026-01-25,Laborado,,,2026-01-06 19:52:01.04,2026-01-06 19:52:01.04,22,Activo,,Automatico
14962,1,5,1,2026-01-25,Laborado,,,2026-01-06 19:52:01.04,2026-01-06 19:52:01.04,29,Activo,,Automatico
14963,1,8,2,2026-01-25,Laborado,,,2026-01-06 19:52:01.04,2026-01-06 19:52:01.04,2,Activo,,Automatico
14964,1,14,2,2026-01-25,Laborado,,,2026-01-06 19:52:01.04,2026-01-06 19:52:01.04,3,Activo,,Automatico
14965,1,15,2,2026-01-25,Laborado,,,2026-01-06 19:52:01.04,2026-01-06 19:52:01.04,5,Activo,,Automatico
14966,1,7,2,2026-01-25,Laborado,,,2026-01-06 19:52:01.04,2026-01-06 19:52:01.04,11,Activo,,Automatico
14968,1,14,2,2026-01-25,Laborado,,,2026-01-06 19:52:01.04,2026-01-06 19:52:01.04,14,Activo,,Automatico
14969,1,15,2,2026-01-25,Laborado,,,2026-01-06 19:52:01.04,2026-01-06 19:52:01.04,15,Activo,,Automatico
14971,1,8,2,2026-01-25,Laborado,,,2026-01-06 19:52:01.04,2026-01-06 19:52:01.04,20,Activo,,Automatico
14973,1,15,2,2026-01-25,Laborado,,,2026-01-06 19:52:01.04,2026-01-06 19:52:01.04,25,Activo,,Automatico
14974,1,7,2,2026-01-25,Laborado,,,2026-01-06 19:52:01.04,2026-01-06 19:52:01.04,26,Activo,,Automatico
14975,1,8,2,2026-01-25,Laborado,,,2026-01-06 19:52:01.04,2026-01-06 19:52:01.04,27,Activo,,Automatico
14976,1,14,2,2026-01-25,Laborado,,,2026-01-06 19:52:01.04,2026-01-06 19:52:01.04,31,Activo,,Automatico
14977,1,15,2,2026-01-25,Laborado,,,2026-01-06 19:52:01.04,2026-01-06 19:52:01.04,39,Activo,,Automatico
14978,1,9,3,2026-01-25,Laborado,,,2026-01-06 19:52:01.04,2026-01-06 19:52:01.04,9,Activo,,Automatico
14979,1,14,3,2026-01-25,Laborado,,,2026-01-06 19:52:01.04,2026-01-06 19:52:01.04,23,Activo,,Automatico
14980,1,8,3,2026-01-25,Laborado,,,2026-01-06 19:52:01.04,2026-01-06 19:52:01.04,32,Activo,,Automatico
14981,1,9,3,2026-01-25,Laborado,,,2026-01-06 19:52:01.04,2026-01-06 19:52:01.04,37,Activo,,Automatico
14983,1,7,4,2026-01-25,Laborado,,,2026-01-06 19:52:01.04,2026-01-06 19:52:01.04,13,Activo,,Automatico
14985,1,7,4,2026-01-25,Laborado,,,2026-01-06 19:52:01.04,2026-01-06 19:52:01.04,21,Activo,,Automatico
14987,1,7,4,2026-01-25,Laborado,,,2026-01-06 19:52:01.04,2026-01-06 19:52:01.04,24,Activo,,Automatico
14989,1,7,4,2026-01-25,Laborado,,,2026-01-06 19:52:01.04,2026-01-06 19:52:01.04,30,Activo,,Automatico
14991,1,7,4,2026-01-25,Laborado,,,2026-01-06 19:52:01.04,2026-01-06 19:52:01.04,33,Activo,,Automatico
14992,1,8,4,2026-01-25,Laborado,,,2026-01-06 19:52:01.04,2026-01-06 19:52:01.04,34,Activo,,Automatico
14994,1,8,4,2026-01-25,Laborado,,,2026-01-06 19:52:01.04,2026-01-06 19:52:01.04,38,Activo,,Automatico
14998,1,8,5,2026-01-25,Laborado,,,2026-01-06 19:52:01.04,2026-01-06 19:52:01.04,17,Activo,,Automatico
15004,1,15,6,2026-01-25,Laborado,,,2026-01-06 19:52:01.04,2026-01-06 19:52:01.04,8,Activo,,Automatico
15006,1,14,6,2026-01-25,Laborado,,,2026-01-06 19:52:01.04,2026-01-06 19:52:01.04,10,Activo,,Automatico
15011,1,8,6,2026-01-25,Laborado,,,2026-01-06 19:52:01.04,2026-01-06 19:52:01.04,16,Activo,,Automatico
15019,1,15,7,2026-01-25,Laborado,,,2026-01-06 19:52:01.04,2026-01-06 19:52:01.04,7,Activo,,Automatico
15024,1,14,7,2026-01-25,Laborado,,,2026-01-06 19:52:01.04,2026-01-06 19:52:01.04,28,Activo,,Automatico
15034,1,8,9,2026-01-25,Laborado,,,2026-01-06 19:52:01.04,2026-01-06 19:52:01.04,4,Activo,,Automatico
15050,1,14,9,2026-01-25,Laborado,,,2026-01-06 19:52:01.04,2026-01-06 19:52:01.04,36,Activo,,Automatico
15088,1,5,1,2026-01-26,Laborado,,,2026-01-06 19:52:01.04,2026-01-06 19:52:01.04,6,Activo,,Automatico
15089,1,14,1,2026-01-26,Laborado,,,2026-01-06 19:52:01.04,2026-01-06 19:52:01.04,12,Activo,,Automatico
15090,1,5,1,2026-01-26,Laborado,,,2026-01-06 19:52:01.04,2026-01-06 19:52:01.04,18,Activo,,Automatico
15091,1,14,1,2026-01-26,Laborado,,,2026-01-06 19:52:01.04,2026-01-06 19:52:01.04,19,Activo,,Automatico
15092,1,5,1,2026-01-26,Laborado,,,2026-01-06 19:52:01.04,2026-01-06 19:52:01.04,22,Activo,,Automatico
15093,1,14,1,2026-01-26,Laborado,,,2026-01-06 19:52:01.04,2026-01-06 19:52:01.04,29,Activo,,Automatico
15094,1,14,2,2026-01-26,Laborado,,,2026-01-06 19:52:01.04,2026-01-06 19:52:01.04,2,Activo,,Automatico
15095,1,15,2,2026-01-26,Laborado,,,2026-01-06 19:52:01.04,2026-01-06 19:52:01.04,3,Activo,,Automatico
15096,1,7,2,2026-01-26,Laborado,,,2026-01-06 19:52:01.04,2026-01-06 19:52:01.04,5,Activo,,Automatico
15097,1,8,2,2026-01-26,Laborado,,,2026-01-06 19:52:01.04,2026-01-06 19:52:01.04,11,Activo,,Automatico
15099,1,15,2,2026-01-26,Laborado,,,2026-01-06 19:52:01.04,2026-01-06 19:52:01.04,14,Activo,,Automatico
15100,1,7,2,2026-01-26,Laborado,,,2026-01-06 19:52:01.04,2026-01-06 19:52:01.04,15,Activo,,Automatico
15102,1,14,2,2026-01-26,Laborado,,,2026-01-06 19:52:01.04,2026-01-06 19:52:01.04,20,Activo,,Automatico
15104,1,7,2,2026-01-26,Laborado,,,2026-01-06 19:52:01.04,2026-01-06 19:52:01.04,25,Activo,,Automatico
15105,1,8,2,2026-01-26,Laborado,,,2026-01-06 19:52:01.04,2026-01-06 19:52:01.04,26,Activo,,Automatico
15106,1,14,2,2026-01-26,Laborado,,,2026-01-06 19:52:01.04,2026-01-06 19:52:01.04,27,Activo,,Automatico
15107,1,15,2,2026-01-26,Laborado,,,2026-01-06 19:52:01.04,2026-01-06 19:52:01.04,31,Activo,,Automatico
15108,1,7,2,2026-01-26,Laborado,,,2026-01-06 19:52:01.04,2026-01-06 19:52:01.04,39,Activo,,Automatico
15109,1,14,3,2026-01-26,Laborado,,,2026-01-06 19:52:01.04,2026-01-06 19:52:01.04,9,Activo,,Automatico
15110,1,8,3,2026-01-26,Laborado,,,2026-01-06 19:52:01.04,2026-01-06 19:52:01.04,23,Activo,,Automatico
15111,1,9,3,2026-01-26,Laborado,,,2026-01-06 19:52:01.04,2026-01-06 19:52:01.04,32,Activo,,Automatico
15112,1,14,3,2026-01-26,Laborado,,,2026-01-06 19:52:01.04,2026-01-06 19:52:01.04,37,Activo,,Automatico
15114,1,8,4,2026-01-26,Laborado,,,2026-01-06 19:52:01.04,2026-01-06 19:52:01.04,13,Activo,,Automatico
15116,1,8,4,2026-01-26,Laborado,,,2026-01-06 19:52:01.04,2026-01-06 19:52:01.04,21,Activo,,Automatico
15118,1,8,4,2026-01-26,Laborado,,,2026-01-06 19:52:01.04,2026-01-06 19:52:01.04,24,Activo,,Automatico
15120,1,8,4,2026-01-26,Laborado,,,2026-01-06 19:52:01.04,2026-01-06 19:52:01.04,30,Activo,,Automatico
15122,1,8,4,2026-01-26,Laborado,,,2026-01-06 19:52:01.04,2026-01-06 19:52:01.04,33,Activo,,Automatico
15123,1,7,4,2026-01-26,Laborado,,,2026-01-06 19:52:01.04,2026-01-06 19:52:01.04,34,Activo,,Automatico
15125,1,7,4,2026-01-26,Laborado,,,2026-01-06 19:52:01.04,2026-01-06 19:52:01.04,38,Activo,,Automatico
15129,1,14,5,2026-01-26,Laborado,,,2026-01-06 19:52:01.04,2026-01-06 19:52:01.04,17,Activo,,Automatico
15135,1,8,6,2026-01-26,Laborado,,,2026-01-06 19:52:01.04,2026-01-06 19:52:01.04,8,Activo,,Automatico
15137,1,15,6,2026-01-26,Laborado,,,2026-01-06 19:52:01.04,2026-01-06 19:52:01.04,10,Activo,,Automatico
15142,1,14,6,2026-01-26,Laborado,,,2026-01-06 19:52:01.04,2026-01-06 19:52:01.04,16,Activo,,Automatico
15150,1,8,7,2026-01-26,Laborado,,,2026-01-06 19:52:01.04,2026-01-06 19:52:01.04,7,Activo,,Automatico
15155,1,15,7,2026-01-26,Laborado,,,2026-01-06 19:52:01.04,2026-01-06 19:52:01.04,28,Activo,,Automatico
15165,1,14,9,2026-01-26,Laborado,,,2026-01-06 19:52:01.04,2026-01-06 19:52:01.04,4,Activo,,Automatico
15181,1,15,9,2026-01-26,Laborado,,,2026-01-06 19:52:01.04,2026-01-06 19:52:01.04,36,Activo,,Automatico
15219,1,14,1,2026-01-27,Laborado,,,2026-01-06 19:52:01.04,2026-01-06 19:52:01.04,6,Activo,,Automatico
15220,1,5,1,2026-01-27,Laborado,,,2026-01-06 19:52:01.04,2026-01-06 19:52:01.04,12,Activo,,Automatico
15221,1,14,1,2026-01-27,Laborado,,,2026-01-06 19:52:01.04,2026-01-06 19:52:01.04,18,Activo,,Automatico
15222,1,5,1,2026-01-27,Laborado,,,2026-01-06 19:52:01.04,2026-01-06 19:52:01.04,19,Activo,,Automatico
15223,1,14,1,2026-01-27,Laborado,,,2026-01-06 19:52:01.04,2026-01-06 19:52:01.04,22,Activo,,Automatico
15224,1,5,1,2026-01-27,Laborado,,,2026-01-06 19:52:01.04,2026-01-06 19:52:01.04,29,Activo,,Automatico
15225,1,15,2,2026-01-27,Laborado,,,2026-01-06 19:52:01.04,2026-01-06 19:52:01.04,2,Activo,,Automatico
15226,1,7,2,2026-01-27,Laborado,,,2026-01-06 19:52:01.04,2026-01-06 19:52:01.04,3,Activo,,Automatico
15227,1,8,2,2026-01-27,Laborado,,,2026-01-06 19:52:01.04,2026-01-06 19:52:01.04,5,Activo,,Automatico
15228,1,14,2,2026-01-27,Laborado,,,2026-01-06 19:52:01.04,2026-01-06 19:52:01.04,11,Activo,,Automatico
15230,1,7,2,2026-01-27,Laborado,,,2026-01-06 19:52:01.04,2026-01-06 19:52:01.04,14,Activo,,Automatico
15231,1,8,2,2026-01-27,Laborado,,,2026-01-06 19:52:01.04,2026-01-06 19:52:01.04,15,Activo,,Automatico
15233,1,15,2,2026-01-27,Laborado,,,2026-01-06 19:52:01.04,2026-01-06 19:52:01.04,20,Activo,,Automatico
15235,1,8,2,2026-01-27,Laborado,,,2026-01-06 19:52:01.04,2026-01-06 19:52:01.04,25,Activo,,Automatico
15236,1,14,2,2026-01-27,Laborado,,,2026-01-06 19:52:01.04,2026-01-06 19:52:01.04,26,Activo,,Automatico
15237,1,15,2,2026-01-27,Laborado,,,2026-01-06 19:52:01.04,2026-01-06 19:52:01.04,27,Activo,,Automatico
15238,1,7,2,2026-01-27,Laborado,,,2026-01-06 19:52:01.04,2026-01-06 19:52:01.04,31,Activo,,Automatico
15239,1,8,2,2026-01-27,Laborado,,,2026-01-06 19:52:01.04,2026-01-06 19:52:01.04,39,Activo,,Automatico
15240,1,8,3,2026-01-27,Laborado,,,2026-01-06 19:52:01.04,2026-01-06 19:52:01.04,9,Activo,,Automatico
15241,1,9,3,2026-01-27,Laborado,,,2026-01-06 19:52:01.04,2026-01-06 19:52:01.04,23,Activo,,Automatico
15242,1,14,3,2026-01-27,Laborado,,,2026-01-06 19:52:01.04,2026-01-06 19:52:01.04,32,Activo,,Automatico
15243,1,8,3,2026-01-27,Laborado,,,2026-01-06 19:52:01.04,2026-01-06 19:52:01.04,37,Activo,,Automatico
15245,1,7,4,2026-01-27,Laborado,,,2026-01-06 19:52:01.04,2026-01-06 19:52:01.04,13,Activo,,Automatico
15247,1,7,4,2026-01-27,Laborado,,,2026-01-06 19:52:01.04,2026-01-06 19:52:01.04,21,Activo,,Automatico
15249,1,7,4,2026-01-27,Laborado,,,2026-01-06 19:52:01.04,2026-01-06 19:52:01.04,24,Activo,,Automatico
15251,1,7,4,2026-01-27,Laborado,,,2026-01-06 19:52:01.04,2026-01-06 19:52:01.04,30,Activo,,Automatico
15253,1,7,4,2026-01-27,Laborado,,,2026-01-06 19:52:01.04,2026-01-06 19:52:01.04,33,Activo,,Automatico
15254,1,8,4,2026-01-27,Laborado,,,2026-01-06 19:52:01.04,2026-01-06 19:52:01.04,34,Activo,,Automatico
15256,1,8,4,2026-01-27,Laborado,,,2026-01-06 19:52:01.04,2026-01-06 19:52:01.04,38,Activo,,Automatico
15260,1,5,5,2026-01-27,Laborado,,,2026-01-06 19:52:01.04,2026-01-06 19:52:01.04,17,Activo,,Automatico
15266,1,14,6,2026-01-27,Laborado,,,2026-01-06 19:52:01.04,2026-01-06 19:52:01.04,8,Activo,,Automatico
15268,1,8,6,2026-01-27,Laborado,,,2026-01-06 19:52:01.04,2026-01-06 19:52:01.04,10,Activo,,Automatico
15273,1,15,6,2026-01-27,Laborado,,,2026-01-06 19:52:01.04,2026-01-06 19:52:01.04,16,Activo,,Automatico
15281,1,14,7,2026-01-27,Laborado,,,2026-01-06 19:52:01.04,2026-01-06 19:52:01.04,7,Activo,,Automatico
15286,1,8,7,2026-01-27,Laborado,,,2026-01-06 19:52:01.04,2026-01-06 19:52:01.04,28,Activo,,Automatico
15296,1,15,9,2026-01-27,Laborado,,,2026-01-06 19:52:01.04,2026-01-06 19:52:01.04,4,Activo,,Automatico
15312,1,8,9,2026-01-27,Laborado,,,2026-01-06 19:52:01.04,2026-01-06 19:52:01.04,36,Activo,,Automatico
15350,1,5,1,2026-01-28,Laborado,,,2026-01-06 19:52:01.04,2026-01-06 19:52:01.04,6,Activo,,Automatico
15351,1,14,1,2026-01-28,Laborado,,,2026-01-06 19:52:01.04,2026-01-06 19:52:01.04,12,Activo,,Automatico
15352,1,5,1,2026-01-28,Laborado,,,2026-01-06 19:52:01.04,2026-01-06 19:52:01.04,18,Activo,,Automatico
15353,1,14,1,2026-01-28,Laborado,,,2026-01-06 19:52:01.04,2026-01-06 19:52:01.04,19,Activo,,Automatico
15354,1,5,1,2026-01-28,Laborado,,,2026-01-06 19:52:01.04,2026-01-06 19:52:01.04,22,Activo,,Automatico
15355,1,14,1,2026-01-28,Laborado,,,2026-01-06 19:52:01.04,2026-01-06 19:52:01.04,29,Activo,,Automatico
15356,1,7,2,2026-01-28,Laborado,,,2026-01-06 19:52:01.04,2026-01-06 19:52:01.04,2,Activo,,Automatico
15357,1,8,2,2026-01-28,Laborado,,,2026-01-06 19:52:01.04,2026-01-06 19:52:01.04,3,Activo,,Automatico
15358,1,14,2,2026-01-28,Laborado,,,2026-01-06 19:52:01.04,2026-01-06 19:52:01.04,5,Activo,,Automatico
15359,1,15,2,2026-01-28,Laborado,,,2026-01-06 19:52:01.04,2026-01-06 19:52:01.04,11,Activo,,Automatico
15361,1,8,2,2026-01-28,Laborado,,,2026-01-06 19:52:01.04,2026-01-06 19:52:01.04,14,Activo,,Automatico
15362,1,14,2,2026-01-28,Laborado,,,2026-01-06 19:52:01.04,2026-01-06 19:52:01.04,15,Activo,,Automatico
15364,1,7,2,2026-01-28,Laborado,,,2026-01-06 19:52:01.04,2026-01-06 19:52:01.04,20,Activo,,Automatico
15366,1,14,2,2026-01-28,Laborado,,,2026-01-06 19:52:01.04,2026-01-06 19:52:01.04,25,Activo,,Automatico
15367,1,15,2,2026-01-28,Laborado,,,2026-01-06 19:52:01.04,2026-01-06 19:52:01.04,26,Activo,,Automatico
15368,1,7,2,2026-01-28,Laborado,,,2026-01-06 19:52:01.04,2026-01-06 19:52:01.04,27,Activo,,Automatico
15369,1,8,2,2026-01-28,Laborado,,,2026-01-06 19:52:01.04,2026-01-06 19:52:01.04,31,Activo,,Automatico
15370,1,14,2,2026-01-28,Laborado,,,2026-01-06 19:52:01.04,2026-01-06 19:52:01.04,39,Activo,,Automatico
15371,1,9,3,2026-01-28,Laborado,,,2026-01-06 19:52:01.04,2026-01-06 19:52:01.04,9,Activo,,Automatico
15372,1,14,3,2026-01-28,Laborado,,,2026-01-06 19:52:01.04,2026-01-06 19:52:01.04,23,Activo,,Automatico
15373,1,8,3,2026-01-28,Laborado,,,2026-01-06 19:52:01.04,2026-01-06 19:52:01.04,32,Activo,,Automatico
15374,1,9,3,2026-01-28,Laborado,,,2026-01-06 19:52:01.04,2026-01-06 19:52:01.04,37,Activo,,Automatico
15376,1,8,4,2026-01-28,Laborado,,,2026-01-06 19:52:01.04,2026-01-06 19:52:01.04,13,Activo,,Automatico
15378,1,8,4,2026-01-28,Laborado,,,2026-01-06 19:52:01.04,2026-01-06 19:52:01.04,21,Activo,,Automatico
15380,1,8,4,2026-01-28,Laborado,,,2026-01-06 19:52:01.04,2026-01-06 19:52:01.04,24,Activo,,Automatico
15382,1,8,4,2026-01-28,Laborado,,,2026-01-06 19:52:01.04,2026-01-06 19:52:01.04,30,Activo,,Automatico
15384,1,8,4,2026-01-28,Laborado,,,2026-01-06 19:52:01.04,2026-01-06 19:52:01.04,33,Activo,,Automatico
15385,1,7,4,2026-01-28,Laborado,,,2026-01-06 19:52:01.04,2026-01-06 19:52:01.04,34,Activo,,Automatico
15387,1,7,4,2026-01-28,Laborado,,,2026-01-06 19:52:01.04,2026-01-06 19:52:01.04,38,Activo,,Automatico
15391,1,8,5,2026-01-28,Laborado,,,2026-01-06 19:52:01.04,2026-01-06 19:52:01.04,17,Activo,,Automatico
15397,1,15,6,2026-01-28,Laborado,,,2026-01-06 19:52:01.04,2026-01-06 19:52:01.04,8,Activo,,Automatico
15399,1,14,6,2026-01-28,Laborado,,,2026-01-06 19:52:01.04,2026-01-06 19:52:01.04,10,Activo,,Automatico
15404,1,8,6,2026-01-28,Laborado,,,2026-01-06 19:52:01.04,2026-01-06 19:52:01.04,16,Activo,,Automatico
15412,1,15,7,2026-01-28,Laborado,,,2026-01-06 19:52:01.04,2026-01-06 19:52:01.04,7,Activo,,Automatico
15417,1,14,7,2026-01-28,Laborado,,,2026-01-06 19:52:01.04,2026-01-06 19:52:01.04,28,Activo,,Automatico
15427,1,8,9,2026-01-28,Laborado,,,2026-01-06 19:52:01.04,2026-01-06 19:52:01.04,4,Activo,,Automatico
15443,1,14,9,2026-01-28,Laborado,,,2026-01-06 19:52:01.04,2026-01-06 19:52:01.04,36,Activo,,Automatico
15481,1,14,1,2026-01-29,Laborado,,,2026-01-06 19:52:01.04,2026-01-06 19:52:01.04,6,Activo,,Automatico
15482,1,5,1,2026-01-29,Laborado,,,2026-01-06 19:52:01.04,2026-01-06 19:52:01.04,12,Activo,,Automatico
15483,1,14,1,2026-01-29,Laborado,,,2026-01-06 19:52:01.04,2026-01-06 19:52:01.04,18,Activo,,Automatico
15484,1,5,1,2026-01-29,Laborado,,,2026-01-06 19:52:01.04,2026-01-06 19:52:01.04,19,Activo,,Automatico
15485,1,14,1,2026-01-29,Laborado,,,2026-01-06 19:52:01.04,2026-01-06 19:52:01.04,22,Activo,,Automatico
15486,1,5,1,2026-01-29,Laborado,,,2026-01-06 19:52:01.04,2026-01-06 19:52:01.04,29,Activo,,Automatico
15487,1,8,2,2026-01-29,Laborado,,,2026-01-06 19:52:01.04,2026-01-06 19:52:01.04,2,Activo,,Automatico
15488,1,14,2,2026-01-29,Laborado,,,2026-01-06 19:52:01.04,2026-01-06 19:52:01.04,3,Activo,,Automatico
15489,1,15,2,2026-01-29,Laborado,,,2026-01-06 19:52:01.04,2026-01-06 19:52:01.04,5,Activo,,Automatico
15490,1,7,2,2026-01-29,Laborado,,,2026-01-06 19:52:01.04,2026-01-06 19:52:01.04,11,Activo,,Automatico
15492,1,14,2,2026-01-29,Laborado,,,2026-01-06 19:52:01.04,2026-01-06 19:52:01.04,14,Activo,,Automatico
15493,1,15,2,2026-01-29,Laborado,,,2026-01-06 19:52:01.04,2026-01-06 19:52:01.04,15,Activo,,Automatico
15495,1,8,2,2026-01-29,Laborado,,,2026-01-06 19:52:01.04,2026-01-06 19:52:01.04,20,Activo,,Automatico
15497,1,15,2,2026-01-29,Laborado,,,2026-01-06 19:52:01.04,2026-01-06 19:52:01.04,25,Activo,,Automatico
15498,1,7,2,2026-01-29,Laborado,,,2026-01-06 19:52:01.04,2026-01-06 19:52:01.04,26,Activo,,Automatico
15499,1,8,2,2026-01-29,Laborado,,,2026-01-06 19:52:01.04,2026-01-06 19:52:01.04,27,Activo,,Automatico
15500,1,14,2,2026-01-29,Laborado,,,2026-01-06 19:52:01.04,2026-01-06 19:52:01.04,31,Activo,,Automatico
15501,1,15,2,2026-01-29,Laborado,,,2026-01-06 19:52:01.04,2026-01-06 19:52:01.04,39,Activo,,Automatico
15502,1,14,3,2026-01-29,Laborado,,,2026-01-06 19:52:01.04,2026-01-06 19:52:01.04,9,Activo,,Automatico
15503,1,8,3,2026-01-29,Laborado,,,2026-01-06 19:52:01.04,2026-01-06 19:52:01.04,23,Activo,,Automatico
15504,1,9,3,2026-01-29,Laborado,,,2026-01-06 19:52:01.04,2026-01-06 19:52:01.04,32,Activo,,Automatico
15505,1,14,3,2026-01-29,Laborado,,,2026-01-06 19:52:01.04,2026-01-06 19:52:01.04,37,Activo,,Automatico
15507,1,7,4,2026-01-29,Laborado,,,2026-01-06 19:52:01.04,2026-01-06 19:52:01.04,13,Activo,,Automatico
15509,1,7,4,2026-01-29,Laborado,,,2026-01-06 19:52:01.04,2026-01-06 19:52:01.04,21,Activo,,Automatico
15511,1,7,4,2026-01-29,Laborado,,,2026-01-06 19:52:01.04,2026-01-06 19:52:01.04,24,Activo,,Automatico
15513,1,7,4,2026-01-29,Laborado,,,2026-01-06 19:52:01.04,2026-01-06 19:52:01.04,30,Activo,,Automatico
15515,1,7,4,2026-01-29,Laborado,,,2026-01-06 19:52:01.04,2026-01-06 19:52:01.04,33,Activo,,Automatico
15516,1,8,4,2026-01-29,Laborado,,,2026-01-06 19:52:01.04,2026-01-06 19:52:01.04,34,Activo,,Automatico
15518,1,8,4,2026-01-29,Laborado,,,2026-01-06 19:52:01.04,2026-01-06 19:52:01.04,38,Activo,,Automatico
15522,1,14,5,2026-01-29,Laborado,,,2026-01-06 19:52:01.04,2026-01-06 19:52:01.04,17,Activo,,Automatico
15528,1,8,6,2026-01-29,Laborado,,,2026-01-06 19:52:01.04,2026-01-06 19:52:01.04,8,Activo,,Automatico
15530,1,15,6,2026-01-29,Laborado,,,2026-01-06 19:52:01.04,2026-01-06 19:52:01.04,10,Activo,,Automatico
15535,1,14,6,2026-01-29,Laborado,,,2026-01-06 19:52:01.04,2026-01-06 19:52:01.04,16,Activo,,Automatico
15543,1,8,7,2026-01-29,Laborado,,,2026-01-06 19:52:01.04,2026-01-06 19:52:01.04,7,Activo,,Automatico
15548,1,15,7,2026-01-29,Laborado,,,2026-01-06 19:52:01.04,2026-01-06 19:52:01.04,28,Activo,,Automatico
15558,1,14,9,2026-01-29,Laborado,,,2026-01-06 19:52:01.04,2026-01-06 19:52:01.04,4,Activo,,Automatico
15574,1,15,9,2026-01-29,Laborado,,,2026-01-06 19:52:01.04,2026-01-06 19:52:01.04,36,Activo,,Automatico
15612,1,5,1,2026-01-30,Laborado,,,2026-01-06 19:52:01.04,2026-01-06 19:52:01.04,6,Activo,,Automatico
15613,1,14,1,2026-01-30,Laborado,,,2026-01-06 19:52:01.04,2026-01-06 19:52:01.04,12,Activo,,Automatico
15614,1,5,1,2026-01-30,Laborado,,,2026-01-06 19:52:01.04,2026-01-06 19:52:01.04,18,Activo,,Automatico
15615,1,14,1,2026-01-30,Laborado,,,2026-01-06 19:52:01.04,2026-01-06 19:52:01.04,19,Activo,,Automatico
15616,1,5,1,2026-01-30,Laborado,,,2026-01-06 19:52:01.04,2026-01-06 19:52:01.04,22,Activo,,Automatico
15617,1,14,1,2026-01-30,Laborado,,,2026-01-06 19:52:01.04,2026-01-06 19:52:01.04,29,Activo,,Automatico
15618,1,14,2,2026-01-30,Laborado,,,2026-01-06 19:52:01.04,2026-01-06 19:52:01.04,2,Activo,,Automatico
15619,1,15,2,2026-01-30,Laborado,,,2026-01-06 19:52:01.04,2026-01-06 19:52:01.04,3,Activo,,Automatico
15620,1,7,2,2026-01-30,Laborado,,,2026-01-06 19:52:01.04,2026-01-06 19:52:01.04,5,Activo,,Automatico
15621,1,8,2,2026-01-30,Laborado,,,2026-01-06 19:52:01.04,2026-01-06 19:52:01.04,11,Activo,,Automatico
15623,1,15,2,2026-01-30,Laborado,,,2026-01-06 19:52:01.04,2026-01-06 19:52:01.04,14,Activo,,Automatico
15624,1,7,2,2026-01-30,Laborado,,,2026-01-06 19:52:01.04,2026-01-06 19:52:01.04,15,Activo,,Automatico
15626,1,14,2,2026-01-30,Laborado,,,2026-01-06 19:52:01.04,2026-01-06 19:52:01.04,20,Activo,,Automatico
15628,1,7,2,2026-01-30,Laborado,,,2026-01-06 19:52:01.04,2026-01-06 19:52:01.04,25,Activo,,Automatico
15629,1,8,2,2026-01-30,Laborado,,,2026-01-06 19:52:01.04,2026-01-06 19:52:01.04,26,Activo,,Automatico
15630,1,14,2,2026-01-30,Laborado,,,2026-01-06 19:52:01.04,2026-01-06 19:52:01.04,27,Activo,,Automatico
15631,1,15,2,2026-01-30,Laborado,,,2026-01-06 19:52:01.04,2026-01-06 19:52:01.04,31,Activo,,Automatico
15632,1,7,2,2026-01-30,Laborado,,,2026-01-06 19:52:01.04,2026-01-06 19:52:01.04,39,Activo,,Automatico
15633,1,8,3,2026-01-30,Laborado,,,2026-01-06 19:52:01.04,2026-01-06 19:52:01.04,9,Activo,,Automatico
15634,1,9,3,2026-01-30,Laborado,,,2026-01-06 19:52:01.04,2026-01-06 19:52:01.04,23,Activo,,Automatico
15635,1,14,3,2026-01-30,Laborado,,,2026-01-06 19:52:01.04,2026-01-06 19:52:01.04,32,Activo,,Automatico
15636,1,8,3,2026-01-30,Laborado,,,2026-01-06 19:52:01.04,2026-01-06 19:52:01.04,37,Activo,,Automatico
15638,1,8,4,2026-01-30,Laborado,,,2026-01-06 19:52:01.04,2026-01-06 19:52:01.04,13,Activo,,Automatico
15640,1,8,4,2026-01-30,Laborado,,,2026-01-06 19:52:01.04,2026-01-06 19:52:01.04,21,Activo,,Automatico
15642,1,8,4,2026-01-30,Laborado,,,2026-01-06 19:52:01.04,2026-01-06 19:52:01.04,24,Activo,,Automatico
15644,1,8,4,2026-01-30,Laborado,,,2026-01-06 19:52:01.04,2026-01-06 19:52:01.04,30,Activo,,Automatico
15646,1,8,4,2026-01-30,Laborado,,,2026-01-06 19:52:01.04,2026-01-06 19:52:01.04,33,Activo,,Automatico
15647,1,7,4,2026-01-30,Laborado,,,2026-01-06 19:52:01.04,2026-01-06 19:52:01.04,34,Activo,,Automatico
15649,1,7,4,2026-01-30,Laborado,,,2026-01-06 19:52:01.04,2026-01-06 19:52:01.04,38,Activo,,Automatico
15653,1,5,5,2026-01-30,Laborado,,,2026-01-06 19:52:01.04,2026-01-06 19:52:01.04,17,Activo,,Automatico
15659,1,14,6,2026-01-30,Laborado,,,2026-01-06 19:52:01.04,2026-01-06 19:52:01.04,8,Activo,,Automatico
15661,1,8,6,2026-01-30,Laborado,,,2026-01-06 19:52:01.04,2026-01-06 19:52:01.04,10,Activo,,Automatico
15666,1,15,6,2026-01-30,Laborado,,,2026-01-06 19:52:01.04,2026-01-06 19:52:01.04,16,Activo,,Automatico
15674,1,14,7,2026-01-30,Laborado,,,2026-01-06 19:52:01.04,2026-01-06 19:52:01.04,7,Activo,,Automatico
15679,1,8,7,2026-01-30,Laborado,,,2026-01-06 19:52:01.04,2026-01-06 19:52:01.04,28,Activo,,Automatico
15689,1,15,9,2026-01-30,Laborado,,,2026-01-06 19:52:01.04,2026-01-06 19:52:01.04,4,Activo,,Automatico
15705,1,8,9,2026-01-30,Laborado,,,2026-01-06 19:52:01.04,2026-01-06 19:52:01.04,36,Activo,,Automatico
15743,1,14,1,2026-01-31,Laborado,,,2026-01-06 19:52:01.04,2026-01-06 19:52:01.04,6,Activo,,Automatico
15744,1,5,1,2026-01-31,Laborado,,,2026-01-06 19:52:01.04,2026-01-06 19:52:01.04,12,Activo,,Automatico
15745,1,14,1,2026-01-31,Laborado,,,2026-01-06 19:52:01.04,2026-01-06 19:52:01.04,18,Activo,,Automatico
15746,1,5,1,2026-01-31,Laborado,,,2026-01-06 19:52:01.04,2026-01-06 19:52:01.04,19,Activo,,Automatico
15747,1,14,1,2026-01-31,Laborado,,,2026-01-06 19:52:01.04,2026-01-06 19:52:01.04,22,Activo,,Automatico
15748,1,5,1,2026-01-31,Laborado,,,2026-01-06 19:52:01.04,2026-01-06 19:52:01.04,29,Activo,,Automatico
15749,1,15,2,2026-01-31,Laborado,,,2026-01-06 19:52:01.04,2026-01-06 19:52:01.04,2,Activo,,Automatico
15750,1,7,2,2026-01-31,Laborado,,,2026-01-06 19:52:01.04,2026-01-06 19:52:01.04,3,Activo,,Automatico
15751,1,8,2,2026-01-31,Laborado,,,2026-01-06 19:52:01.04,2026-01-06 19:52:01.04,5,Activo,,Automatico
15752,1,14,2,2026-01-31,Laborado,,,2026-01-06 19:52:01.04,2026-01-06 19:52:01.04,11,Activo,,Automatico
15754,1,7,2,2026-01-31,Laborado,,,2026-01-06 19:52:01.04,2026-01-06 19:52:01.04,14,Activo,,Automatico
15755,1,8,2,2026-01-31,Laborado,,,2026-01-06 19:52:01.04,2026-01-06 19:52:01.04,15,Activo,,Automatico
15757,1,15,2,2026-01-31,Laborado,,,2026-01-06 19:52:01.04,2026-01-06 19:52:01.04,20,Activo,,Automatico
15759,1,8,2,2026-01-31,Laborado,,,2026-01-06 19:52:01.04,2026-01-06 19:52:01.04,25,Activo,,Automatico
15760,1,14,2,2026-01-31,Laborado,,,2026-01-06 19:52:01.04,2026-01-06 19:52:01.04,26,Activo,,Automatico
15761,1,15,2,2026-01-31,Laborado,,,2026-01-06 19:52:01.04,2026-01-06 19:52:01.04,27,Activo,,Automatico
15762,1,7,2,2026-01-31,Laborado,,,2026-01-06 19:52:01.04,2026-01-06 19:52:01.04,31,Activo,,Automatico
15763,1,8,2,2026-01-31,Laborado,,,2026-01-06 19:52:01.04,2026-01-06 19:52:01.04,39,Activo,,Automatico
15764,1,9,3,2026-01-31,Laborado,,,2026-01-06 19:52:01.04,2026-01-06 19:52:01.04,9,Activo,,Automatico
15765,1,14,3,2026-01-31,Laborado,,,2026-01-06 19:52:01.04,2026-01-06 19:52:01.04,23,Activo,,Automatico
15766,1,8,3,2026-01-31,Laborado,,,2026-01-06 19:52:01.04,2026-01-06 19:52:01.04,32,Activo,,Automatico
15767,1,9,3,2026-01-31,Laborado,,,2026-01-06 19:52:01.04,2026-01-06 19:52:01.04,37,Activo,,Automatico
15769,1,7,4,2026-01-31,Laborado,,,2026-01-06 19:52:01.04,2026-01-06 19:52:01.04,13,Activo,,Automatico
15771,1,7,4,2026-01-31,Laborado,,,2026-01-06 19:52:01.04,2026-01-06 19:52:01.04,21,Activo,,Automatico
15773,1,7,4,2026-01-31,Laborado,,,2026-01-06 19:52:01.04,2026-01-06 19:52:01.04,24,Activo,,Automatico
15775,1,7,4,2026-01-31,Laborado,,,2026-01-06 19:52:01.04,2026-01-06 19:52:01.04,30,Activo,,Automatico
15777,1,7,4,2026-01-31,Laborado,,,2026-01-06 19:52:01.04,2026-01-06 19:52:01.04,33,Activo,,Automatico
15778,1,8,4,2026-01-31,Laborado,,,2026-01-06 19:52:01.04,2026-01-06 19:52:01.04,34,Activo,,Automatico
15780,1,8,4,2026-01-31,Laborado,,,2026-01-06 19:52:01.04,2026-01-06 19:52:01.04,38,Activo,,Automatico
15784,1,8,5,2026-01-31,Laborado,,,2026-01-06 19:52:01.04,2026-01-06 19:52:01.04,17,Activo,,Automatico
15790,1,15,6,2026-01-31,Laborado,,,2026-01-06 19:52:01.04,2026-01-06 19:52:01.04,8,Activo,,Automatico
15792,1,14,6,2026-01-31,Laborado,,,2026-01-06 19:52:01.04,2026-01-06 19:52:01.04,10,Activo,,Automatico
15797,1,8,6,2026-01-31,Laborado,,,2026-01-06 19:52:01.04,2026-01-06 19:52:01.04,16,Activo,,Automatico
15805,1,15,7,2026-01-31,Laborado,,,2026-01-06 19:52:01.04,2026-01-06 19:52:01.04,7,Activo,,Automatico
15810,1,14,7,2026-01-31,Laborado,,,2026-01-06 19:52:01.04,2026-01-06 19:52:01.04,28,Activo,,Automatico
15820,1,8,9,2026-01-31,Laborado,,,2026-01-06 19:52:01.04,2026-01-06 19:52:01.04,4,Activo,,Automatico
15836,1,14,9,2026-01-31,Laborado,,,2026-01-06 19:52:01.04,2026-01-06 19:52:01.04,36,Activo,,Automatico
